user.id,age
2,25.99449219
8,25.43068263
9,23.75909166
10,25.42630205
11,25.26783597
13,15.46428552
20,27
26,17
27,17
29,25.34127954
31,25.50154065
33,17
35,24.21028419
36,27
38,23
48,25.34816539
49,26.73270021
53,17
54,14.1784396
59,24.90576804
66,27
68,27
72,23.21821926
76,17
83,27
89,27
90,23.53580488
91,16.621208
94,24.78050764
95,27
96,24.84554851
101,23
105,24.62132452
108,26.16858529
115,25.53894542
119,25.89405166
120,23
123,27
124,26.82333159
126,17
134,23
137,25.00033069
140,24.51726276
142,25.18465128
144,26.08150561
145,25.39840168
146,23.80486711
147,27
154,25.82242113
155,27
157,27
166,24.60645174
167,17
169,23.63534853
172,17
175,31.27644457
183,23.45674703
184,24.95293539
185,27
188,26.88068897
194,17
200,25.68330341
204,14.20237
216,17
217,23
221,25.90045159
222,27
223,17
229,15.51145129
230,25.71888232
232,23
236,24.06026048
240,26.0666373
242,25.63167014
246,24.96827807
247,16.48985172
250,26.69624882
260,23.67296803
263,25.99465039
265,15.72589709
267,17
270,27
271,17
273,12.49433407
275,26.35095818
276,23.8679233
277,23.6772604
282,27
283,24.21940259
288,25.0459662
289,24.59495053
290,23
298,24.34069681
300,17
303,24.35494643
304,23
305,25.88446477
306,25.17043049
307,13.88755935
312,23.95900347
320,24.93252229
321,26.41552479
323,14.74969598
325,12.8398133
327,24.53584701
330,17
331,17
332,15.85228884
333,17
334,15.47144981
339,17
341,27
342,27
354,17
355,24.24392188
364,26.05466721
365,23.502257
370,23.45978595
378,25.24862352
379,25.72362874
387,15.22439806
392,27
401,23.77646977
402,17
406,17
408,24.01527916
409,17
410,27
411,16.41733304
413,14.18090372
416,26.51279647
417,24.17698063
421,23
424,17
426,23
430,24.79168753
432,25.94200338
433,25.47690611
434,16.67364854
435,25.06039332
436,27
440,25.9431743
446,15.81181512
451,25.54922778
452,27
453,26.90235837
454,24.21946267
458,27
462,23
465,23.00793618
466,27
468,26.55259349
470,17
471,25.90017451
477,27
480,17
485,23.28369994
486,23
488,17
496,26.60645918
502,27
503,27
504,24.21673577
505,34.59518507
506,26.21579208
507,17
513,25.42533716
515,24.2612707
516,23
517,23
521,26.56748897
526,15.78266272
529,17
530,15.37022668
534,14.70881313
536,25.66364213
538,17
542,27
546,17
552,27
561,26.23017516
563,24.32782727
564,23.78479946
569,17
572,17
574,25.77057144
577,24.40322954
578,13.02865071
584,17
587,23.26076806
588,17
589,16.54057408
596,23
597,27
598,16.71638485
602,23
604,17
607,24.93561912
609,17
613,26.85337166
617,27
620,23
624,15.28852547
626,23
633,17
639,23
640,23.8735924
646,23.21945441
647,17
650,26.49413005
662,17
665,17
666,23.47737624
670,16.14996269
671,27
673,23
681,17
682,25.62620625
684,26.56996339
686,23
702,24.29961312
703,25.51062038
710,17
714,25.14579875
715,26.24220789
716,27
717,15.93826052
718,25.72500632
722,27
723,17
726,25.90400061
734,25.16844229
736,27
737,14.58304641
739,25.44333217
740,25.51986766
749,23
755,23.96837147
759,27
760,17
761,27
762,27
763,17
764,17
766,27
767,25.36132085
768,23
769,27
770,24.94837454
771,17
772,25.39183403
774,27
775,27
778,14.221411
779,17
780,17
784,26.9916307
785,27
787,17
788,27
790,17
795,23.30683905
797,24.07724246
800,26.91159586
801,17
807,23
808,23
809,23
810,23
811,24.48840638
822,27
824,24.4274283
827,25.31531238
828,14.73808302
830,25.26335092
832,17
834,23
845,27
849,27
856,24.67521805
858,17
861,17
864,17
867,23.14854629
873,15.55216788
877,17
882,27
886,23
887,17
890,17
895,25.05006057
903,17
907,17
919,27
923,27
931,26.22071871
932,13.72772524
936,23
948,23.66307761
950,26.04728721
952,27
954,16.65204817
956,16.76429696
961,25.66889057
962,13.16844303
964,23
967,27
969,27
970,23
971,27
972,34.16846025
973,24.02543278
976,17
977,17
984,23
988,15.59724121
989,25.47233333
991,31.19269847
996,23
997,17
1001,17
1002,13.78084265
1005,26.79402869
1008,27
1009,15.74348108
1014,17
1016,23
1017,17
1018,24.52836581
1019,16.69242402
1022,27
1025,23.94017862
1030,25.77382503
1031,27
1034,25.43647331
1036,25.78477941
1037,16.66177661
1043,26.8388847
1044,23
1048,26.49112023
1051,24.50922041
1060,26.26016752
1062,27
1066,31.1960362
1068,26.34870785
1070,24.72102866
1072,26.22119439
1075,23
1077,17
1078,14.36823272
1079,27
1080,17
1084,23.66909871
1085,23
1086,17
1087,26.73020232
1090,23
1092,17
1094,17
1098,26.13656001
1102,27
1103,24.40549717
1107,27
1109,24.71825409
1110,23.80291035
1115,24.46213656
1119,27
1123,15.99528643
1127,25.74365323
1142,25.68169716
1143,17
1150,26.15468131
1151,14.60365924
1156,24.78747822
1162,27
1164,15.45215256
1165,17
1166,25.98275191
1167,25.23765397
1170,25.92690084
1172,17
1175,17
1179,14.28401827
1181,24.19960801
1183,27
1185,16.50840353
1187,25.71578227
1189,27
1190,17
1191,25.5321647
1195,26.18347064
1196,26.01968091
1208,27
1216,27
1217,23
1219,17
1226,23.4948121
1229,13.27645117
1230,17
1231,27
1233,17
1235,25.9212294
1237,15.92675583
1238,17
1239,27
1246,23.6019741
1247,15.72073377
1258,14.07423031
1263,17
1274,17
1283,27
1293,24.68128412
1295,24.71351583
1298,26.78198405
1299,24.29225932
1303,26.06898113
1304,14.03928938
1306,27
1311,17
1315,27
1319,17
1329,27
1330,17
1331,17
1332,27
1335,17
1338,24.68664353
1343,17
1347,26.47796458
1354,17
1359,23.81464089
1360,27
1363,24.74094752
1364,15.26191746
1365,23
1377,17
1381,25.59779123
1382,17
1384,23
1386,25.6649067
1393,24.89093541
1395,23.46899302
1398,24.8646766
1400,17
1406,27
1407,25.66198775
1408,16.31080552
1412,24.60509676
1415,25.6724541
1422,27
1423,27
1426,25.42587361
1429,24.38005947
1432,25.63022805
1437,17
1442,25.05999518
1450,27
1458,17
1464,23.65797931
1470,25.6126481
1471,23.57776685
1472,25.2823262
1476,27
1478,25.2041499
1479,17
1480,24.84595786
1481,24.80918909
1483,17
1486,17
1489,27
1490,24.67785097
1493,25.80684658
1494,23
1501,25.36196355
1503,24.00091173
1511,17
1521,12.53259536
1525,26.97855238
1526,23
1531,16.93146153
1536,25.71761531
1538,25.19550971
1547,26.70182002
1549,27
1556,24.1172559
1557,26.83396023
1573,23.25811122
1576,15.60232477
1580,15.83939244
1583,27
1585,27
1587,23
1588,23
1589,27
1591,23.48558404
1594,17
1596,17
1597,15.49998894
1615,27
1618,26.56111134
1619,26.01228007
1623,17
1626,16.63487909
1634,17
1639,17
1641,13.40136592
1643,24.66679711
1644,17
1645,25.52961904
1647,26.62433866
1649,17
1652,17
1653,23
1654,17
1658,16.85415204
1659,14.3024913
1661,17
1662,15.40470211
1667,27
1669,16.22837918
1671,17
1675,24.28833192
1680,24.7306223
1682,27
1683,27
1684,32.95615772
1686,17
1687,23
1689,25.45404773
1690,17
1692,15.5510098
1693,26.51359456
1697,17
1700,25.80214893
1701,25.31940063
1702,14.53693124
1704,26.00130787
1708,27
1714,23
1715,26.16739133
1716,27
1721,23.5958034
1723,23
1724,23
1731,23.76509904
1732,17
1734,23.80815103
1735,16.73470999
1739,12.88372257
1742,26.76879752
1746,27
1748,16.98402783
1750,17
1754,31.76428498
1757,23
1758,25.17598825
1760,27
1769,27
1774,26.26188288
1776,27
1780,24.40827572
1781,25.61336276
1783,26.06361352
1785,17
1786,24.87588083
1788,27
1789,23
1795,25.01353271
1796,17
1798,23
1799,23
1803,23
1805,17
1807,23
1809,27
1811,16.17331005
1819,23.77102411
1820,17
1826,27
1829,24.68020308
1833,27
1837,26.31219642
1839,32.83653058
1842,17
1844,17
1849,25.42253106
1850,25.86328711
1852,25.90509249
1854,25.9344438
1858,26.47883624
1859,31.83923859
1863,24.46090276
1864,25.39402305
1865,23.32677685
1866,23
1867,24.1672704
1869,24.40280386
1871,23
1876,26.28157934
1877,23.21937007
1883,17
1887,27
1891,24.1508269
1893,17
1894,17
1895,27
1898,27
1900,23.5119936
1906,24.75701237
1908,25.25172121
1909,26.1949586
1910,25.31881703
1917,27
1918,24.93380555
1922,23
1923,17
1929,15.75333116
1930,25.22871369
1932,27
1933,13.34989457
1939,17
1949,23
1963,23.23612807
1967,15.51984893
1968,17
1977,17
1983,27
1992,24.03807744
1994,25.67906091
2007,26.61934108
2011,27
2014,24.5129566
2018,27
2019,26.26160482
2021,26.44747223
2023,17
2025,17
2028,27
2032,17
2035,27
2036,25.9322106
2038,17
2039,24.41915326
2040,23.60496187
2042,26.00033162
2044,24.50033935
2050,25.70885037
2054,17
2055,24.91836688
2059,17
2060,23
2061,15.95251323
2062,27
2066,24.61792179
2067,23.10766773
2068,17
2069,27
2075,23
2076,25.54071342
2080,27
2082,24.78097701
2083,25.79283265
2085,17
2087,25.72771674
2088,25.23082687
2091,27
2092,24.94633101
2104,27
2105,23.07115056
2111,27
2113,23
2115,26.95279814
2120,14.88413004
2123,17
2124,27
2126,17
2127,23.17910131
2129,16.9075277
2134,24.45278742
2135,23.0372242
2139,23
2143,17
2154,25.32318692
2156,23.22504663
2160,12.2202256
2161,17
2166,25.77923032
2173,26.08814634
2178,23
2182,25.25186966
2183,27
2189,25.49004916
2191,17
2192,27
2193,24.41462775
2194,24.04432077
2196,24.36268694
2198,23.90158659
2199,26.09283314
2200,27
2207,27
2212,23
2216,16.42210846
2220,27
2225,17
2226,27
2227,17
2229,24.0115943
2232,23.9988189
2237,27
2240,23.15472007
2241,27
2243,17
2246,16.06221121
2249,25.75472006
2251,27
2254,17
2255,16.89665353
2258,25.24684099
2259,24.43828017
2261,24.89816718
2263,16.50895005
2267,17
2271,27
2274,25.60279964
2277,23
2282,24.73872224
2283,23
2285,25.36148057
2287,26.09158285
2291,23
2293,27
2300,17
2310,27
2313,27
2316,24.10533053
2320,14.08650395
2322,25.22693539
2324,17
2327,26.46336599
2330,23
2333,17
2335,17
2337,25.31841061
2338,16.14737045
2339,26.58393139
2341,27
2343,23
2344,26.23366226
2360,17
2363,17
2370,17
2371,27
2372,24.00966873
2374,27
2380,27
2381,10.83350707
2382,23.46744825
2386,26.42637463
2387,25.53794763
2388,17
2390,13.18032199
2398,13.97940947
2405,17
2406,17
2407,24.62117941
2411,17
2418,23
2420,17
2422,24.85396003
2425,27
2427,17
2430,14.60089067
2433,27
2434,24.22069344
2438,24.06551972
2439,24.23985241
2441,17
2443,17
2449,25.92923344
2450,17
2451,17
2453,17
2455,15.62406488
2462,25.68561238
2463,27
2464,23
2468,25.63094176
2473,24.20691488
2480,23.76476073
2484,14.78363145
2485,23
2487,26.26768013
2488,27
2489,25.9609939
2490,17
2495,17
2496,27
2497,26.57103409
2504,17
2506,17
2508,25.43599979
2511,23
2512,25.92451209
2520,23
2521,27
2522,17
2524,17
2526,24.67158763
2529,17
2535,26.31857644
2538,17
2547,17
2551,26.62387557
2554,15.09380167
2557,23
2559,23
2561,17
2562,24.71469147
2564,15.46043062
2566,17
2568,25.31581539
2569,23
2571,23.45001674
2572,23.12735558
2578,27
2582,14.70261071
2594,17
2595,23
2599,17
2600,23
2603,23.27771082
2609,27
2611,27
2616,15.88209305
2620,25.37861498
2622,17
2623,17
2626,24.56907515
2628,27
2633,17
2636,23.57844684
2637,23
2639,26.55438353
2645,17
2648,25.32370893
2649,25.02482845
2653,24.2168277
2656,27
2661,27
2663,17
2665,27
2670,17
2672,24.20958604
2676,26.70959998
2682,25.6034772
2685,23
2686,25.00917988
2690,24.12651289
2691,26.17329476
2693,27
2697,24.97475394
2701,17
2704,17
2705,23
2712,17
2714,14.88965674
2715,27
2716,17
2717,17
2718,26.88389792
2719,23
2720,11.9222741
2721,23.31386281
2723,24.78301406
2733,23
2734,23.92227013
2737,24.61862435
2738,27
2741,26.27093016
2744,24.30476897
2749,26.40172238
2750,17
2751,27
2755,24.98678896
2758,26.45812865
2767,27
2769,26.85897119
2770,25.54405794
2772,17
2773,14.06797143
2788,24.4178207
2795,26.82032515
2800,26.9895102
2801,23
2807,23.26354643
2809,23.57056693
2825,17
2829,26.25458728
2831,14.65213335
2837,23.6357758
2838,23
2839,17
2840,26.22211308
2841,23.92228739
2846,26.23800877
2849,27
2850,24.32176131
2855,23
2857,23
2859,26.00925014
2861,24.36216462
2865,26.14718819
2867,26.74676396
2883,26.86884674
2886,25.75503884
2888,16.72600886
2889,23.40735376
2895,17
2897,23.78569705
2898,26.41601968
2899,23.32051806
2900,24.68028655
2906,27
2908,27
2913,17
2919,26.4167129
2921,24.42288106
2922,23
2925,25.9785136
2926,17
2927,24.09467666
2929,11.56055689
2930,24.80404029
2935,26.23457324
2937,13.62783957
2938,17
2941,25.90211533
2947,25.53221793
2952,27
2962,23.52939065
2966,24.09406694
2968,25.56022348
2969,16.2639515
2972,17
2974,23.03154885
2975,23
2978,17
2988,23
2989,27
2991,17
2995,24.89143694
2997,23
3006,27
3007,16.984845
3011,16.76665647
3015,27
3017,24.37651886
3025,15.31428371
3029,26.78435666
3030,15.79241819
3031,15.85804285
3032,17
3036,25.94890488
3040,23
3043,25.70775759
3044,17
3045,27
3048,26.42232088
3049,26.36190909
3052,25.08259587
3053,17
3062,23
3063,17
3065,12.33376663
3067,17
3068,26.24006261
3072,17
3074,25.19734131
3075,17
3076,17
3078,27
3081,15.57527847
3084,25.3338028
3088,27
3089,23.37925596
3093,27
3096,25.28923437
3097,16.27365409
3098,17
3100,17
3103,27
3106,17
3111,23
3113,24.54520696
3118,16.79309862
3127,24.17701432
3130,17
3132,17
3135,17
3137,23
3143,15.68862092
3144,27
3146,23
3147,25.46412045
3151,13.95718527
3153,24.58533751
3155,26.95837173
3160,16.74523833
3174,17
3177,27
3181,25.10271815
3183,27
3184,27
3188,25.97040319
3198,24.82031359
3210,23
3213,17
3216,17
3219,17
3220,17
3226,27
3227,23.82850425
3235,23
3236,16.60610873
3242,16.92242773
3243,26.68245841
3249,26.25542708
3251,23.67885668
3260,26.04263458
3264,25.55116123
3267,24.47568986
3269,26.65374095
3270,27
3275,17
3276,27
3278,24.42292676
3284,23
3286,17
3287,23.53837964
3289,17
3291,27
3297,17
3299,23.5192037
3302,27
3303,27
3304,17
3309,27
3315,26.67252529
3319,17
3320,27
3321,23
3323,17
3327,27
3332,23
3338,17
3346,24.59809455
3347,17
3350,17
3357,23.54305461
3360,26.34148924
3361,27
3368,17
3369,23.45185535
3370,23
3371,15.47580692
3373,17
3374,24.58819955
3375,27
3376,16.58501033
3379,17
3381,17
3382,23.14381912
3383,25.64702527
3385,27
3386,17
3387,17
3388,23
3390,17
3393,15.88771302
3394,26.43697581
3404,27
3405,17
3411,27
3415,17
3417,26.08685396
3418,16.79580912
3420,17
3423,27
3424,25.28597376
3425,24.84065752
3427,27
3428,17
3432,27
3435,17
3437,26.59343163
3441,24.31430739
3443,25.1179297
3445,26.49690096
3448,27
3453,25.49225702
3457,27
3460,24.72667377
3464,17
3466,27
3469,12.98174074
3470,27
3471,27
3473,25.84656235
3479,17
3480,24.11792394
3486,23
3490,27
3491,17
3492,24.36165612
3493,17
3494,17
3499,26.95956515
3501,17
3502,27
3504,26.62372646
3507,26.88782588
3511,17
3517,27
3520,24.80138952
3523,27
3525,24.01728813
3527,27
3532,27
3534,23
3543,17
3544,27
3548,27
3550,25.06126592
3552,13.64413171
3553,25.58427146
3556,16.19294722
3557,25.76297793
3559,17
3563,23
3565,17
3566,17
3568,17
3573,27
3574,24.71153704
3577,26.29568314
3579,15.06208558
3588,16.00205759
3589,17
3590,17
3592,24.39611825
3594,27
3600,23.96045317
3605,13.45034871
3609,23.33975401
3610,27
3612,17
3614,16.96526801
3615,27
3617,25.52103653
3621,13.89349514
3622,17
3625,23.75220172
3626,17
3633,25.81043515
3638,14.55251095
3640,25.86548356
3643,17
3644,23
3645,27
3650,24.71205891
3654,23
3660,26.68525389
3662,26.34238305
3663,24.58258877
3670,25.27604268
3676,31.10597757
3677,17
3681,16.41004924
3684,27
3686,27
3687,13.91946565
3691,27
3695,32.23413181
3697,27
3698,15.80153984
3699,24.39555685
3700,27
3701,23.83596318
3705,26.36865268
3708,23.71163856
3712,16.92891925
3713,26.15412776
3716,17
3718,26.63407261
3723,23.96544637
3725,25.43548746
3735,23.61879853
3736,27
3738,14.06341719
3739,26.57751099
3742,16.98823982
3745,23.7876436
3747,17
3749,23.32455662
3750,27
3751,17
3756,23
3759,25.91003597
3760,27
3766,26.59643187
3768,17
3769,23.11908149
3772,24.75267295
3774,31.1937256
3775,27
3782,23
3786,27
3795,24.61906846
3799,24.90877952
3801,17
3805,25.5436714
3806,23.91878238
3807,26.35119919
3812,14.98346277
3815,25.10738728
3817,26.79856103
3823,23.90205023
3829,23.99768145
3832,27
3833,23
3834,14.749252
3836,25.82793507
3837,17
3845,23
3850,17
3854,25.43606666
3855,26.78625388
3857,23
3859,17
3862,26.0704685
3869,24.9921774
3870,12.75537612
3876,24.29047703
3880,27
3883,17
3886,25.93972548
3890,27
3891,24.3081028
3895,25.77075536
3898,25.39183197
3900,15.00165699
3901,13.89792929
3906,23
3909,23.79429631
3911,17
3913,17
3917,23
3919,23.93716486
3923,17
3924,23.67596036
3933,24.7006822
3935,25.33184346
3939,27
3942,12.99913049
3944,25.50289294
3948,25.41827808
3949,14.78791754
3950,17
3956,25.40881212
3960,17
3962,17
3964,27
3966,27
3967,23.76764339
3968,27
3973,27
3977,24.69933783
3982,27
3984,24.32517722
3985,25.3979662
3988,23
3989,25.98980524
3990,15.71218988
3991,27
3998,23
4003,23
4004,26.6234325
4008,27
4009,23
4013,27
4016,27
4025,26.40693802
4027,17
4028,24.48770437
4031,17
4032,24.03737529
4034,15.2774851
4038,24.11258081
4039,17
4042,17
4047,23.80449062
4048,26.78555058
4051,17
4052,27
4054,24.10625234
4056,24.74644471
4057,27
4061,17
4064,17
4065,23
4072,17
4073,17
4074,27
4076,23
4082,24.49169056
4084,33.01206618
4085,23.9580534
4086,27
4087,23.60969429
4092,17
4093,27
4094,23
4096,23
4101,26.15859271
4111,23
4115,24.27327793
4118,25.42054311
4122,25.00962324
4123,26.42657542
4126,17
4130,27
4134,27
4140,17
4147,27
4149,25.15068514
4150,26.34853337
4155,12.97614665
4156,24.01942545
4159,24.84718131
4160,26.18969937
4162,23.83841314
4171,25.98104793
4175,25.94252339
4176,23.26039344
4180,25.65417072
4183,24.50522581
4188,27
4195,25.24171681
4199,23.92314478
4202,27
4205,27
4206,23.63162752
4208,17
4209,25.05550527
4213,17
4214,16.45552251
4215,23
4219,15.39859838
4228,26.08861784
4234,17
4236,17
4244,14.67289128
4248,23
4249,27
4250,14.56469705
4254,17
4256,16.71623431
4258,23.23318903
4259,27
4262,27
4264,27
4265,27
4270,23.25326277
4271,23
4272,13.49621725
4278,26.97708139
4281,17
4282,26.77948783
4284,17
4285,26.06718634
4286,27
4287,17
4288,27
4297,17
4298,27
4300,17
4301,17
4308,23.69173053
4316,25.90396744
4320,24.99374678
4323,24.45766954
4325,26.46818924
4335,27
4338,24.09592329
4340,23.71139129
4341,17
4342,13.45948792
4346,23.17633519
4349,23
4357,27
4358,24.60812126
4359,27
4360,25.2448415
4366,25.24236423
4367,27
4370,27
4371,15.34819284
4372,17
4377,27
4380,16.99254147
4382,25.56678138
4386,27
4390,17
4395,25.84579392
4396,12.82644357
4399,16.3827793
4408,17
4410,25.69045916
4412,17
4413,16.09647854
4414,27
4419,27
4420,17
4421,16.89220757
4423,27
4425,26.51058594
4426,17
4428,17
4430,27
4431,26.20119532
4433,23.15003449
4434,23
4437,27
4438,24.57727643
4441,23.41579569
4443,17
4451,23.88652452
4453,13.71943161
4455,17
4457,17
4458,25.6894448
4459,24.52231875
4465,15.55272168
4467,23.45457337
4470,23.53558393
4471,23
4475,25.87466132
4480,27
4481,27
4486,15.38580552
4495,17
4496,16.36002462
4497,16.45418132
4503,25.79048649
4513,17
4515,25.14539813
4517,23.72147745
4518,17
4520,23
4521,23
4522,17
4526,13.23614843
4531,27
4533,23
4539,24.10810879
4541,23
4547,27
4549,26.0654866
4559,23.95154244
4560,17
4564,24.24533631
4566,14.42249308
4571,24.43451994
4572,17
4575,26.37536946
4576,17
4579,23
4582,23.54624087
4585,27
4588,27
4590,17
4597,25.37655557
4601,25.70557917
4603,23.4735857
4606,17
4609,17
4611,23
4615,27
4618,17
4621,23.82994662
4622,27
4625,14.95956395
4626,24.23848084
4629,25.16771074
4631,25.79595959
4635,25.17708147
4638,17
4641,23.92658001
4642,25.19610482
4649,23.28165254
4650,27
4653,23
4660,26.07048909
4664,23
4668,26.23919025
4669,17
4674,17
4675,27
4676,24.51544904
4681,17
4686,11.83424093
4687,23.162592
4691,25.95558826
4692,24.64343708
4695,23
4696,23
4704,23
4705,26.84804063
4707,17
4711,27
4715,13.32497493
4716,24.03303364
4720,25.83241327
4724,25.52635404
4726,17
4727,25.70738145
4729,17
4731,26.77342149
4733,23.36693942
4742,23
4743,27
4746,17
4747,23
4755,17
4758,27
4761,27
4770,23.75405105
4772,25.67113566
4777,17
4778,25.75633007
4783,17
4789,26.30146194
4794,17
4797,27
4800,26.62293079
4809,26.28756282
4812,23
4820,23
4825,23
4826,26.67519269
4828,25.95202308
4831,26.90821859
4832,23.71291521
4833,23.97897996
4836,26.35481013
4840,25.40977133
4842,17
4843,23.59755681
4846,17
4848,27
4850,16.08302323
4851,15.73863808
4856,17
4859,23
4860,17
4861,17
4864,23
4870,24.79399725
4871,27
4874,24.75670155
4876,27
4878,24.7849391
4881,27
4883,23.51019447
4884,24.54380648
4888,17
4890,17
4894,16.2737015
4897,26.81678708
4903,15.45932946
4905,25.43871199
4906,17
4909,27
4912,23.95101946
4914,27
4915,26.70082317
4917,17
4921,23
4922,26.82517089
4923,16.09225882
4927,26.99280878
4929,24.16046257
4931,23
4932,26.90493794
4936,17
4937,27
4947,32.49317241
4948,26.44130208
4951,27
4955,23.27982445
4956,23
4959,25.19706412
4960,25.97572767
4962,23.9556314
4965,23
4968,24.71849665
4972,26.06687127
4974,26.14409311
4976,23
4979,25.8912037
4981,24.7779861
4988,27
4993,17
5005,26.80657347
5016,17
5017,26.64628362
5019,17
5020,27
5021,23
5023,17
5036,23
5038,17
5039,23
5042,17
5047,17
5052,26.04616106
5054,26.17275275
5058,34.21456262
5059,17
5062,26.252312
5063,17
5067,27
5073,26.64032454
5077,27
5078,12.19143047
5079,17
5080,17
5083,23
5092,27
5095,27
5100,23
5102,26.27901905
5105,26.6957638
5110,26.01163438
5111,15.01971308
5112,27
5113,17
5122,14.14094338
5124,25.65198052
5127,27
5128,24.90761907
5129,24.56959299
5136,17
5141,14.73151084
5143,26.8055367
5144,23
5145,23
5150,27
5153,17
5157,27
5164,23.97816362
5168,24.03880939
5172,15.27291947
5173,17
5177,25.88894173
5182,26.35132433
5184,17
5192,24.7928727
5193,17
5194,16.27769589
5197,25.48659184
5202,24.27526341
5206,23
5208,17
5209,27
5212,27
5213,23.81016023
5214,24.42756782
5218,25.9625208
5222,17
5224,24.43359182
5227,25.13576018
5228,23
5244,27
5250,25.5056728
5251,23
5252,25.61418756
5257,24.59494205
5258,24.68394366
5265,23.80166802
5268,23
5270,23.79341198
5277,25.63702091
5278,25.51106363
5279,23
5281,26.01953378
5283,24.98048357
5291,17
5295,26.74057154
5298,27
5302,23
5304,17
5307,17
5314,23.59667546
5319,17
5320,23
5324,25.24051488
5329,24.83237146
5331,26.22974289
5336,17
5338,27
5339,16.50942674
5341,27
5344,24.12737537
5345,25.00234015
5348,26.14072118
5351,14.77041317
5357,27
5362,26.93392583
5364,23.30191032
5367,27
5368,26.61766835
5369,17
5371,26.51095124
5374,17
5378,17
5381,23
5383,26.13101311
5386,17
5388,27
5389,17
5391,23
5392,25.64971088
5397,27
5398,25.00905798
5403,17
5406,26.34320621
5408,24.14402032
5410,25.38447915
5411,17
5412,16.63595098
5413,24.16063709
5416,23
5418,26.19825203
5420,23.8116489
5426,23
5427,27
5432,23.53025511
5435,16.27921815
5439,26.36186522
5442,17
5443,24.12432951
5450,25.14197793
5451,16.02117043
5455,25.20751372
5466,17
5467,14.69169285
5471,15.00739138
5473,25.808279
5475,27
5478,23
5479,23.73829631
5480,27
5483,23
5484,17
5487,16.3697692
5489,17
5491,16.83385827
5495,17
5500,17
5501,33.69483764
5507,16.86914418
5510,27
5512,17
5515,24.62829502
5516,17
5521,15.6904835
5524,23
5527,23
5528,23
5530,23
5537,27
5538,26.8238612
5540,17
5543,16.51147297
5545,27
5546,23
5554,17
5555,27
5557,16.08422121
5560,24.43988893
5561,17
5568,17
5569,27
5570,17
5573,17
5579,23
5584,24.39816797
5585,26.07014265
5587,14.66040031
5589,23.40141189
5590,17
5592,17
5593,23.35900785
5596,15.07820289
5597,25.55688083
5598,24.04613653
5606,27
5609,17
5610,16.58122382
5611,23.00178835
5613,23.01790073
5614,23
5615,17
5617,23.1399863
5618,17
5621,13.18663961
5627,25.2568579
5629,23.94897989
5630,17
5634,23
5640,24.90785634
5646,17
5647,27
5649,23
5655,14.64953957
5660,24.40545825
5661,17
5665,17
5670,24.88217096
5678,17
5679,17
5680,27
5684,26.13890611
5687,23
5688,26.41260291
5689,17
5698,17
5699,27
5702,27
5709,27
5710,24.93605623
5712,23.5759699
5714,17
5718,25.60270111
5719,26.32167252
5723,11.48957086
5725,15.778904
5732,14.6090425
5736,17
5737,17
5741,13.60120878
5744,15.43445577
5750,24.7354194
5751,17
5753,23.19727443
5755,27
5756,23
5757,26.18029433
5758,24.94088355
5761,27
5768,25.54812309
5769,27
5771,26.82110552
5772,26.8853821
5774,27
5775,23
5777,23.50498575
5778,27
5779,25.23039498
5783,24.02771681
5785,15.55388269
5786,14.7427716
5787,17
5788,24.07295903
5797,24.38367322
5799,17
5803,23
5804,26.64435341
5805,26.36836306
5808,27
5809,24.67308899
5812,25.65947538
5816,25.71336557
5817,15.49953788
5818,24.00584924
5829,24.42724784
5831,27
5834,26.79530952
5835,27
5840,17
5845,24.97813946
5848,17
5851,23.68142522
5854,27
5856,27
5864,17
5865,25.63461146
5868,17
5873,27
5874,12.17636477
5879,27
5884,26.74846028
5888,24.66651759
5902,26.52497519
5904,27
5912,17
5917,24.61578176
5919,17
5921,23.82769823
5922,27
5923,16.92867937
5925,17
5928,27
5930,23
5938,23
5940,17
5941,27
5943,23
5946,27
5951,25.40359432
5956,26.29612082
5960,25.83209036
5963,23
5965,27
5967,23
5970,27
5975,27
5977,23.62481674
5978,26.20527134
5984,23
5988,26.76604756
5991,25.84072033
5992,23.83942473
5997,27
6006,24.08154373
6008,11.8904941
6009,26.21610477
6010,24.19846261
6012,27
6015,17
6016,24.94798761
6017,27
6018,14.5989598
6021,23.92372045
6024,17
6029,24.53348904
6037,24.64775053
6042,27
6043,16.33371236
6048,25.41348663
6049,25.64479457
6056,24.37870307
6058,26.95209413
6062,23.48468156
6064,27
6065,17
6067,17
6071,23.35763472
6073,27
6074,15.96687391
6083,23
6089,26.62823763
6090,26.15087185
6100,23
6102,27
6103,26.01375973
6105,16.5172367
6107,17
6114,27
6118,24.57756276
6121,17
6123,16.01868834
6125,25.12631307
6128,15.76086489
6129,26.53335265
6131,23
6132,17
6135,24.1129588
6137,23.47631536
6139,15.71408477
6142,17
6143,25.57011707
6145,17
6149,17
6155,15.06748804
6156,27
6157,27
6158,26.92416092
6164,25.77774787
6173,24.28166505
6174,15.1140599
6175,23.33742467
6180,27
6181,16.30314829
6192,17
6193,27
6197,26.73942589
6200,24.06437938
6204,23.49296575
6205,26.01789114
6206,27
6209,17
6215,23.39903449
6221,17
6222,23
6223,23.03246129
6225,17
6226,16.59954393
6229,24.7079306
6234,23
6238,17
6239,23
6240,23
6241,25.21397049
6243,23
6244,17
6247,25.20293242
6250,25.93287031
6254,24.89072717
6255,23.46508133
6261,27
6262,26.72462843
6265,24.88197682
6268,24.16739165
6270,24.96528395
6274,17
6279,24.0488673
6280,24.77040404
6287,25.09502811
6290,23
6293,25.57713999
6297,17
6298,26.33127838
6299,25.42346214
6304,26.55661898
6306,26.7856173
6308,24.71566377
6310,17
6311,23.0319673
6312,15.54478444
6313,25.72867372
6316,15.93429428
6318,23
6322,16.70988969
6329,25.33707297
6334,26.17605801
6336,17
6343,17
6345,25.8820688
6346,27
6347,25.45940197
6348,17
6349,14.34834803
6358,23.62747668
6361,27
6362,25.6740665
6366,17
6367,23
6369,27
6370,23
6375,25.06112694
6376,17
6378,25.2544776
6380,27
6381,25.12284749
6382,27
6384,26.8379887
6385,24.62377475
6395,13.24988097
6399,16.67288018
6400,23
6404,16.21042688
6407,25.20153055
6408,24.67369662
6410,23.50914979
6413,25.63991937
6415,25.48426028
6419,25.51189336
6420,16.08876156
6422,27
6426,17
6427,24.68016441
6430,23
6431,17
6435,17
6437,26.91225476
6438,17
6440,17
6442,16.32887995
6443,23
6446,14.47732256
6449,16.2890952
6453,27
6454,23
6456,26.8599915
6464,25.13246378
6467,17
6468,26.70136358
6474,24.64165057
6476,27
6477,17
6479,27
6480,25.43970071
6482,14.46783966
6483,24.44944272
6489,25.41633464
6491,17
6494,23
6495,24.92463709
6498,14.42404411
6500,24.82060352
6501,23.38600074
6504,17
6509,27
6511,23
6514,27
6518,25.72081107
6519,23.9051776
6520,23.60603215
6521,17
6522,17
6523,26.17601204
6528,25.99114825
6538,26.23018427
6539,13.9206936
6542,23
6548,25.94773573
6550,24.94988721
6558,17
6559,26.65654152
6560,23
6561,23
6563,23
6566,17
6569,23.66335656
6578,23
6581,23.8910841
6585,23
6588,24.76267645
6597,27
6603,25.3087808
6606,17
6611,26.26244276
6613,26.74041481
6614,25.3138278
6617,25.70557905
6623,26.57003573
6625,23.97466585
6627,17
6628,27
6633,24.1109889
6640,25.94714654
6644,25.43156443
6646,17
6647,25.13548901
6649,13.44787577
6650,16.24765055
6651,17
6655,31.29295125
6658,17
6661,17
6662,27
6663,15.15447975
6664,24.45852657
6665,17
6668,24.73307902
6670,26.60948669
6673,17
6678,25.41908272
6679,25.49122804
6685,12.21273732
6688,14.51345404
6697,27
6701,23
6704,23.31955466
6705,27
6710,17
6711,23.86884737
6712,17
6719,17
6721,27
6722,15.5185205
6731,23.46940988
6739,17
6743,27
6744,17
6748,23
6750,23
6751,27
6762,25.43442342
6767,27
6771,17
6773,24.44892859
6785,15.81653199
6786,23
6789,23
6793,27
6794,27
6799,27
6805,25.85140641
6806,15.97798444
6812,27
6815,24.7690642
6816,24.2194284
6819,24.71595195
6821,23.42713055
6822,17
6823,23
6824,24.920123
6828,23.12896169
6835,27
6840,24.56648722
6844,16.9623705
6845,17
6848,24.31913638
6856,17
6859,25.23236685
6861,26.04968959
6864,15.94672835
6868,23
6869,23
6870,27
6874,25.08975594
6877,23.92338264
6879,12.53139196
6880,17
6886,17
6887,26.37527907
6890,25.40487586
6891,25.24685797
6892,24.1861967
6894,16.65956056
6895,23
6899,17
6904,23
6911,25.25415492
6913,17
6916,17
6919,17
6920,26.66016142
6921,23.01043109
6924,24.32143229
6927,27
6936,24.40614376
6939,23.10998996
6942,17
6944,27
6947,17
6949,17
6950,26.23733126
6952,23
6953,17
6961,23
6972,17
6974,25.5222951
6975,24.51367479
6978,23
6979,24.85732285
6980,23
6985,16.54694072
6991,27
6992,27
6994,26.87325955
7004,23
7009,17
7010,23
7011,27
7017,17
7018,26.57605668
7021,17
7022,25.73477511
7030,25.29836106
7036,24.59567057
7037,23
7038,26.09508106
7040,23.10601359
7042,15.0732949
7043,23.41130763
7045,15.8341193
7046,17
7058,23
7062,17
7063,15.33400599
7071,27
7073,23
7081,12.41398938
7088,27
7089,26.27025549
7090,15.93946338
7096,26.13701483
7102,23
7104,27
7106,23.87373843
7108,24.81594152
7109,27
7110,24.1646922
7111,31.37300515
7112,27
7113,23.30206233
7114,24.69267013
7119,24.80734039
7122,27
7125,23
7132,24.29932928
7138,17
7143,27
7145,24.36141552
7148,27
7149,24.30758983
7157,26.51571239
7159,17
7169,17
7171,24.65243995
7173,24.92655661
7174,27
7177,25.12779709
7178,24.80623373
7180,27
7185,27
7186,25.87223824
7188,27
7194,17
7195,25.35176244
7197,27
7201,17
7207,23
7208,17
7217,26.05279359
7225,26.8573356
7235,17
7239,27
7241,23
7244,26.27825718
7248,27
7257,23.48889504
7259,16.93339547
7260,17
7262,17
7266,17
7268,15.66114292
7275,24.65472537
7276,26.55829624
7277,27
7281,27
7283,23.66848439
7287,25.9460039
7290,23.34888341
7292,24.26153977
7298,17
7303,24.81219052
7304,16.02377992
7305,25.62210295
7306,17
7307,17
7308,17
7309,24.32565156
7312,24.40249341
7314,27
7315,17
7320,26.91585166
7327,17
7331,27
7332,26.66880309
7334,25.99071291
7336,16.8761314
7340,17
7341,23
7346,26.42973726
7350,26.78398589
7353,25.63436406
7360,17
7362,16.13386118
7363,26.06232003
7368,23
7369,27
7370,27
7371,23
7372,17
7374,25.02438707
7375,26.14803382
7376,23.36304614
7378,23
7379,23
7384,17
7385,13.03361087
7388,13.97850631
7395,27
7397,17
7399,26.88422971
7400,32.40537147
7401,26.35124962
7403,17
7404,23
7405,17
7408,26.46597415
7410,25.09153736
7412,15.16532858
7413,24.68266865
7415,26.2324154
7416,25.58057573
7417,25.5689241
7418,23
7424,12.71989391
7427,17
7428,13.95202598
7429,25.89675418
7430,25.10707367
7431,27
7433,25.56685713
7440,23
7445,27
7449,26.74177847
7452,24.808441
7453,15.73114009
7456,24.50846339
7461,17
7462,17
7465,17
7470,25.64051317
7472,25.7395033
7476,14.64231929
7485,23
7489,23
7491,27
7494,25.1137134
7504,17
7510,17
7511,17
7519,24.04497472
7521,27
7522,25.97839196
7523,17
7531,24.12734132
7532,25.608867
7534,17
7535,23
7536,17
7539,15.96449449
7542,27
7545,27
7546,26.49803732
7551,25.49145938
7552,25.55795264
7553,27
7554,26.08921902
7556,24.92814925
7561,27
7569,17
7571,24.65147645
7576,17
7585,23
7587,16.45738265
7588,23
7589,13.42817887
7591,15.63238367
7592,17
7594,27
7598,25.99544035
7599,27
7602,16.91579327
7608,17
7612,23.52266363
7614,27
7615,17
7619,15.453505
7623,24.17844763
7628,27
7630,23.01790849
7634,27
7636,17
7637,27
7638,24.18552062
7639,17
7643,26.15043671
7648,24.1127098
7650,26.50901196
7655,13.9111302
7660,16.72172277
7661,25.79794302
7666,17
7667,17
7668,23
7671,17
7673,23.26500983
7678,25.5706405
7681,27
7685,14.69765134
7689,16.18087873
7694,23
7695,16.76799845
7702,17
7704,27
7706,17
7708,17
7710,27
7712,23.6441791
7714,24.86702423
7715,24.53155827
7721,23.06629101
7723,27
7725,23.09356191
7734,17
7744,17
7745,27
7750,14.14076325
7753,26.02120012
7757,32.27705106
7758,17
7760,26.10491333
7763,17
7764,17
7767,27
7771,27
7773,24.72118815
7774,17
7776,26.19922163
7777,25.9138795
7780,17
7781,23
7785,23
7792,27
7803,25.66353132
7805,26.93928003
7808,17
7815,23.57088382
7819,17
7821,24.3957807
7826,27
7830,27
7833,25.91978048
7835,25.29811036
7837,25.21079794
7838,23
7844,17
7849,27
7850,27
7863,26.9323089
7864,24.83401192
7865,24.03992391
7870,25.73534848
7876,17
7879,33.87381777
7885,17
7886,23.38939613
7890,17
7892,23
7894,26.85348677
7896,26.38823198
7898,17
7901,17
7902,27
7903,25.2991578
7906,27
7907,24.06821115
7910,17
7912,17
7915,25.27587455
7925,24.44113662
7930,27
7931,16.65333747
7934,16.24331961
7936,26.96820494
7937,24.16501361
7940,26.09972101
7946,27
7947,23.65627656
7948,15.54060641
7950,27
7951,23.15693282
7953,25.36611498
7954,24.09355971
7959,26.81589258
7961,12.88535381
7967,16.85839038
7969,23
7971,27
7974,24.7292809
7981,16.90827716
7982,17
7983,26.84680054
7985,27
7986,26.21428549
7989,17
7992,25.61775529
7996,17
7997,27
8000,26.86815238
8003,26.17448807
8006,24.20167931
8012,13.98017973
8013,23.47361308
8014,15.07962686
8015,16.14516528
8020,26.29958688
8026,17
8027,23
8031,24.80179825
8033,23.02039334
8034,27
8035,15.878764
8038,17
8040,17
8042,26.80797768
8043,24.2503166
8044,23.86314388
8045,14.86332043
8047,27
8048,26.66106628
8051,23
8052,23.64569999
8057,25.57340655
8059,23.13698005
8062,23
8063,26.43570968
8064,24.28221964
8066,24.56810651
8068,26.62617311
8069,16.99004094
8072,23.72441139
8073,25.36659998
8078,17
8080,27
8084,27
8091,25.66802337
8093,25.41679441
8094,27
8102,23.88961967
8106,17
8111,25.56431853
8112,23.81547359
8118,23
8119,27
8120,17
8123,25.91428218
8124,17
8125,16.58966537
8127,16.10107518
8129,27
8130,27
8135,26.66550131
8136,25.45909954
8141,23
8145,26.40773925
8148,25.94254479
8152,15.87523015
8155,17
8157,16.31678025
8164,14.62765148
8165,23
8167,27
8170,25.93052817
8171,17
8173,24.3404642
8177,24.20914815
8178,27
8179,27
8180,27
8182,27
8183,25.28094895
8185,17
8187,27
8192,17
8195,23
8203,23
8205,26.18481665
8208,26.31855784
8215,16.40464817
8216,26.91752292
8218,25.17939207
8221,23
8225,25.93561449
8227,27
8230,27
8233,23.39746814
8235,17
8236,24.71021823
8238,25.33262245
8240,23
8242,23
8246,25.64052813
8247,27
8252,16.77624837
8254,17
8255,25.64042835
8256,17
8258,23.16184465
8259,27
8260,25.59723601
8261,26.20793258
8262,24.28526626
8263,23
8264,16.30406396
8268,25.59826367
8269,23
8271,26.54646793
8277,17
8280,25.32493516
8281,16.6944305
8288,17
8289,27
8296,17
8299,25.77583463
8302,24.08751374
8305,15.79807411
8307,17
8308,17
8309,23.09518191
8310,13.59391987
8314,23
8315,23
8319,24.36014766
8322,23
8327,17
8334,23.40377541
8337,23
8340,23
8345,26.01765439
8351,26.92404525
8353,23
8357,17
8359,23.59024455
8360,26.34629381
8361,26.6068339
8368,17
8376,17
8378,11.63053267
8382,25.73548823
8386,23
8388,17
8401,27
8404,15.34663656
8405,23
8406,26.38545287
8407,17
8408,17
8409,23.81894155
8412,25.0408213
8413,25.66233641
8415,26.13869784
8426,26.94092531
8428,24.65845291
8429,17
8439,17
8442,16.86220429
8446,23.7593017
8448,17
8449,23
8451,27
8453,23
8454,27
8461,27
8462,27
8463,17
8468,25.3783368
8469,23
8470,27
8475,23.45167322
8477,26.75680402
8479,27
8482,17
8485,27
8486,25.17010836
8488,17
8494,27
8496,17
8498,16.15625409
8500,25.63736087
8506,17
8509,27
8517,17
8519,17
8520,17
8522,17
8523,27
8524,17
8527,17
8528,31.48197123
8530,13.15800574
8534,17
8535,17
8536,27
8539,25.33189771
8540,17
8543,17
8544,17
8546,17
8548,23
8549,23
8551,24.36096207
8553,13.71641712
8557,16.23458326
8561,27
8564,25.43515646
8565,12.39581841
8569,17
8575,26.78227342
8579,24.22999692
8582,15.13360947
8584,26.56929178
8586,17
8588,17
8590,25.81237337
8593,15.6833386
8597,27
8599,17
8601,27
8604,27
8605,27
8609,26.35451411
8612,26.35141181
8615,26.82472255
8616,25.26950149
8617,17
8618,17
8627,25.58330813
8632,23
8635,23
8640,26.28659409
8642,24.5331863
8643,27
8644,17
8645,27
8649,23.58978637
8652,27
8654,27
8656,27
8664,23.16243498
8670,27
8685,17
8698,17
8699,23
8706,27
8707,24.82903947
8710,24.2235114
8714,24.69121017
8718,23
8719,23
8722,23.73753605
8723,15.17904721
8725,16.66042289
8729,17
8736,24.24789388
8738,27
8740,27
8741,23.73184422
8742,17
8746,17
8747,17
8749,17
8751,15.50466684
8755,27
8758,17
8761,17
8765,27
8766,23.81296114
8772,23.02826606
8773,17
8776,14.65215009
8778,17
8780,24.40112166
8781,27
8783,23
8784,14.77883115
8790,24.03243597
8792,23.07707945
8793,25.0704687
8803,13.3705718
8804,24.28544018
8806,23
8810,17
8815,13.04119279
8816,33.11419579
8818,31.18318472
8819,23
8822,23.46902
8823,23
8827,17
8830,23.46716721
8840,26.37088631
8848,17
8851,25.4663146
8853,23.76902218
8855,17
8857,23
8858,25.56547901
8859,27
8860,25.1989281
8866,25.26004381
8869,14.9990415
8871,17
8875,27
8876,17
8879,17
8880,27
8884,12.37040817
8890,24.842647
8892,24.60361176
8893,26.19234762
8895,27
8897,23.15536315
8898,13.59016368
8900,17
8901,27
8903,23.13922001
8904,27
8906,14.1499902
8907,24.57844641
8909,16.93965922
8912,27
8913,17
8914,24.3469249
8924,8.456051785
8937,27
8938,17
8939,25.87740466
8945,25.06698299
8947,17
8951,27
8956,17
8957,16.76488466
8962,15.0487197
8963,23
8964,17
8965,23.14013836
8967,25.48493294
8969,15.46993584
8970,25.39430233
8973,23
8974,23.83218979
8975,14.56452183
8979,17
8981,17
8985,23.35134692
8994,23.96200193
8995,23.35914343
8996,24.16901925
8997,25.97253746
9004,27
9013,25.87410847
9014,26.41119724
9016,16.34598514
9017,23
9024,27
9026,17
9027,25.28581622
9030,23.52702416
9038,27
9039,24.86498525
9044,23
9047,17
9048,17
9049,27
9052,25.31088481
9056,17
9061,27
9062,24.17634322
9064,32.89772818
9065,13.28561685
9068,17
9070,17
9071,17
9078,24.34186184
9080,27
9081,24.5642033
9083,24.42906432
9084,27
9090,23.39438684
9092,23.34185843
9093,17
9103,26.86579567
9105,27
9106,27
9108,26.91538141
9109,24.333645
9117,17
9118,17
9119,27
9124,23
9131,17
9133,27
9134,17
9141,24.13999941
9146,16.94248536
9147,25.36626208
9148,23
9151,24.67403719
9153,14.58117248
9163,17
9168,17
9179,25.99237492
9181,24.26803742
9186,27
9191,26.64223611
9192,23
9197,23
9198,23
9199,23
9200,25.62146496
9205,17
9207,17
9208,17
9211,14.28197052
9220,26.74865206
9228,27
9233,26.48004346
9234,25.32115322
9235,27
9238,15.23052433
9239,17
9240,27
9241,27
9243,17
9244,25.55238579
9245,26.64954692
9253,24.87425411
9255,15.65469602
9263,14.18594921
9264,24.27770484
9265,26.38474538
9270,24.70407275
9271,27
9277,27
9280,27
9286,27
9295,27
9297,23
9298,27
9310,27
9311,31.78791444
9315,14.79109774
9316,24.64029126
9317,27
9318,23.72145445
9319,24.43203458
9322,26.69567902
9325,17
9328,24.96498995
9329,11.99359074
9336,17
9337,23
9338,27
9343,26.59807566
9344,23
9347,23
9350,14.31550689
9351,24.29002899
9354,27
9357,25.82626763
9362,27
9363,15.81750582
9365,25.2096784
9366,25.90760543
9367,27
9368,17
9372,27
9376,24.48803995
9385,17
9386,27
9387,15.16201882
9390,34.34403928
9391,17
9397,26.32997957
9399,23
9400,17
9401,24.15457056
9407,25.64960562
9416,26.16435342
9418,17
9419,26.15280324
9421,17
9422,17
9423,17
9424,27
9428,25.74495226
9429,26.4170762
9435,23.85291792
9436,17
9443,17
9446,17
9447,24.41932683
9453,26.63886421
9460,24.95481898
9464,27
9465,17
9466,15.53528439
9467,23.04665964
9469,17
9472,16.1567216
9473,25.43677921
9474,27
9475,17
9480,17
9483,17
9484,23
9489,25.78337609
9498,25.59685997
9499,17
9500,27
9504,27
9513,17
9517,27
9519,15.21498778
9520,24.94434395
9525,24.25848964
9527,25.24877113
9532,23.84062932
9533,15.28487879
9543,17
9547,24.27037451
9549,17
9550,17
9551,25.5680772
9552,23.09647865
9553,27
9559,17
9560,12.71240587
9561,16.04549764
9562,24.82388155
9563,27
9565,23.69903571
9568,16.03729662
9573,27
9574,23
9575,17
9576,17
9578,17
9580,23.71842469
9582,16.40915863
9591,26.55902977
9592,27
9593,26.94658068
9596,25.47999768
9597,25.27905588
9598,25.03411363
9599,15.97751413
9601,16.1122299
9605,24.54408756
9606,25.06938449
9609,16.94747161
9616,26.51112693
9617,26.02169948
9618,17
9619,27
9620,16.82831009
9624,26.94813602
9625,26.31536776
9629,17
9633,23
9634,27
9635,17
9637,23.27776478
9642,27
9644,26.30767821
9646,26.31740691
9655,25.86608863
9658,15.19086687
9660,26.9785615
9663,17
9666,25.84988438
9667,27
9668,27
9675,23.43890927
9679,16.8921099
9683,25.13736293
9686,17
9687,25.37424303
9692,15.38088116
9695,27
9699,23.64480848
9700,23.55457296
9704,17
9713,16.50830191
9714,23
9716,25.63865396
9723,23.4496474
9726,27
9728,16.91728872
9729,24.94263941
9735,27
9737,24.43678335
9738,23.33390226
9739,24.41624972
9741,24.44746085
9750,14.15241936
9752,11.37011712
9759,27
9760,17
9762,25.4215143
9763,27
9766,25.12974259
9767,26.73982366
9769,25.78645188
9775,16.85853131
9777,25.65560066
9789,24.5444545
9792,27
9793,23.02053028
9795,17
9803,27
9805,12.77220002
9806,24.65999419
9807,25.51753586
9814,15.88996398
9817,25.78630025
9819,17
9820,27
9822,17
9827,23
9831,27
9835,23.01815991
9836,17
9838,25.96782377
9846,27
9849,23
9850,12.96759546
9852,23
9864,24.72022251
9867,17
9869,25.09515159
9876,17
9883,17
9886,27
9888,25.21059678
9890,23.44747013
9891,17
9896,25.03998637
9898,23
9901,26.39177622
9918,25.03452954
9920,23.36457731
9922,17
9925,17
9927,26.36936638
9931,17
9932,26.50432033
9933,17
9943,25.99760666
9944,24.53376107
9948,27
9951,26.67532354
9964,23.8111403
9965,27
9971,17
9972,24.89879828
9973,23.72861183
9980,16.34461073
9981,26.09299293
9982,24.06620047
9983,27
9988,23
9990,26.45987785
9997,17
9998,17
10000,14.09108334
10001,26.20263473
10003,26.61581041
10006,14.09342142
10008,23.47509698
10010,24.98940033
10013,17
10014,17
10019,23.92804223
10023,27
10024,24.38777828
10027,25.24982077
10029,25.91653539
10030,26.26611852
10032,16.29262304
10039,26.41046935
10040,25.69215201
10044,27
10045,27
10048,26.34513004
10051,23
10054,17
10061,27
10062,24.9857506
10064,23
10065,26.42430742
10066,17
10068,15.57924903
10073,17
10079,17
10087,27
10088,25.05224631
10090,27
10096,25.66963633
10104,17
10107,27
10108,26.59121388
10109,16.35647417
10110,24.11981435
10112,27
10117,27
10118,17
10119,25.07397239
10120,24.75247452
10123,17
10129,25.61412699
10131,27
10134,27
10135,23.64102956
10137,17
10138,15.79347909
10139,16.85641162
10143,25.27599187
10144,24.4619102
10147,27
10153,27
10154,26.03054835
10156,24.75168439
10160,15.21176061
10164,17
10179,17
10183,27
10185,27
10187,27
10190,24.29726929
10194,17
10199,26.76501457
10200,26.13050643
10206,27
10207,23.73136151
10209,17
10210,16.76480898
10213,27
10214,17
10218,17
10229,25.31855567
10230,26.03608774
10231,24.94487639
10232,23.83729896
10234,23.62732813
10236,17
10238,24.37833594
10240,26.69019602
10241,24.64691613
10243,17
10244,25.91032285
10245,23.30825937
10246,26.70981784
10247,27
10250,27
10251,24.49190996
10252,25.51157195
10267,23
10270,27
10271,26.21207726
10273,27
10274,17
10275,27
10276,17
10281,17
10285,27
10288,25.78863083
10292,17
10293,17
10294,23
10300,17
10303,25.46853843
10307,27
10308,17
10313,15.21839752
10314,11.98069492
10321,23
10327,24.78293073
10329,16.125161
10331,16.28738738
10334,25.25380852
10342,27
10343,27
10345,24.4532626
10348,26.17344432
10350,17
10354,24.33219481
10355,25.9933537
10356,25.25670801
10358,23
10359,27
10361,17
10363,17
10368,25.64334689
10373,17
10377,25.32462688
10379,23
10380,27
10384,25.41363444
10386,26.95036773
10387,23
10389,24.9589328
10390,25.0006508
10391,27
10396,24.63458646
10397,23.4440651
10398,23
10399,17
10400,26.98156505
10402,27
10409,17
10411,26.50896333
10414,17
10418,23.83594536
10420,17
10422,17
10428,26.29418811
10429,16.3986628
10430,23.20945222
10433,17
10434,25.04663309
10436,17
10437,24.64586043
10440,17
10441,16.48557057
10443,24.57918319
10445,17
10446,16.74450799
10447,26.38308127
10448,25.52622614
10451,26.55248913
10452,23
10453,27
10455,27
10457,17
10463,26.98437376
10464,17
10466,23
10468,17
10471,17
10472,24.85079831
10473,25.23446528
10474,17
10475,23.65223545
10485,27
10487,27
10500,27
10506,17
10508,27
10509,25.36796775
10510,26.06662217
10519,23.20814919
10520,27
10521,27
10527,17
10532,27
10534,25.88959384
10535,17
10537,27
10540,27
10543,23.37115822
10549,25.57617898
10550,24.67768373
10554,17
10557,26.65707837
10560,24.60086918
10562,16.46590492
10567,12.68619996
10570,16.37953782
10575,24.67095139
10576,16.26599152
10578,25.94872753
10580,17
10582,27
10583,27
10591,24.388399
10595,17
10596,23.52890633
10598,17
10600,17
10603,25.06422711
10606,27
10608,25.92039613
10610,17
10611,27
10615,16.4376692
10629,17
10631,13.46884536
10641,17
10645,17
10655,13.80947391
10656,27
10658,27
10659,15.85350168
10663,27
10664,14.79752689
10665,24.01039331
10670,23
10672,31.45851421
10676,17
10681,13.88084852
10684,11.20805173
10685,14.46703807
10686,26.99828401
10687,24.86247266
10695,17
10700,25.92238597
10702,26.78950568
10713,27
10716,23
10717,17
10722,23
10723,24.3430324
10724,27
10730,26.53015192
10733,26.80441724
10736,16.99451786
10740,17
10745,17
10746,23.64564287
10753,25.67359073
10755,27
10759,24.06375716
10762,23
10763,17
10765,25.38039021
10767,16.50065043
10769,23.24794641
10773,27
10777,17
10778,27
10781,23.90745728
10782,16.45927382
10786,14.9086418
10787,23
10788,23
10791,16.162057
10793,23
10797,17
10799,24.54550684
10801,17
10802,17
10804,17
10805,27
10807,24.53862164
10812,23
10829,25.8681181
10833,25.6154521
10834,15.4387639
10838,17
10844,17
10845,23
10847,14.08212001
10864,24.8633749
10869,17
10870,17
10871,26.80108632
10877,17
10878,23.42296921
10884,26.21238149
10888,23
10889,23
10890,17
10893,17
10897,15.99524802
10900,17
10904,25.04123057
10908,27
10910,27
10911,17
10915,33.05167458
10916,26.4595651
10921,24.2989327
10923,24.48984783
10930,24.10542748
10931,17
10932,14.60011339
10933,17
10938,27
10941,17
10942,17
10944,27
10945,25.29338059
10947,27
10952,23.2051032
10953,25.93037751
10956,25.1960655
10957,17
10967,23.21857618
10969,23
10972,26.82788378
10974,16.57793899
10979,17
10982,23.57486938
10985,17
10988,26.42739617
10990,26.92323441
10996,17
10998,23.70791746
11000,17
11002,24.10664579
11007,17
11008,26.93087811
11009,24.80648122
11010,16.28597808
11012,23
11014,23
11015,23
11016,24.89987913
11017,24.35687983
11032,26.36652515
11034,23
11035,23
11036,15.76017478
11043,24.65101586
11047,27
11048,25.94263634
11049,24.09104666
11050,14.57022692
11055,17
11060,27
11061,26.58042128
11062,17
11063,27
11064,17
11066,26.96107745
11067,31.36208959
11069,24.74436682
11073,27
11075,27
11086,24.59343959
11090,24.63921605
11093,23
11094,25.36133037
11100,27
11102,16.96489106
11105,27
11107,25.02197982
11108,23.81742003
11118,23
11121,17
11122,17
11126,26.4892824
11127,15.58827776
11130,27
11131,23.74289931
11132,23
11133,15.63606336
11139,26.64608572
11142,24.7947846
11147,26.76691905
11149,27
11154,27
11156,23
11157,17
11161,15.07459324
11164,25.41986474
11167,31.13063141
11168,26.84265101
11170,23
11172,27
11173,15.28825062
11175,17
11178,23
11181,27
11182,23
11184,25.80225208
11185,15.64864005
11189,24.28408623
11198,25.31737416
11199,27
11203,17
11208,26.82983315
11209,17
11210,17
11211,13.51983136
11213,27
11219,26.45934009
11223,25.41065691
11228,17
11232,27
11234,17
11235,17
11238,16.22668132
11241,23
11245,16.09080961
11251,14.30824398
11252,27
11253,23
11256,24.38507491
11257,26.65580606
11258,27
11259,23
11263,23.39561745
11268,17
11269,23.08608789
11271,27
11277,17
11278,17
11289,26.77137332
11292,27
11294,23.71485784
11297,27
11299,26.62109288
11300,27
11304,23.22813436
11309,13.13370828
11317,25.01379241
11319,24.76433195
11320,27
11321,16.59748504
11324,17
11326,24.76884001
11329,27
11330,23
11331,24.62917497
11332,26.45284892
11335,26.72949336
11339,27
11341,27
11342,23
11343,27
11347,26.14306065
11349,23
11356,24.43516278
11358,27
11362,27
11364,25.64984334
11366,16.53985153
11372,15.13103418
11378,27
11380,25.757231
11381,17
11383,17
11384,23
11385,27
11389,26.8537513
11390,17
11391,11.70826461
11393,26.86270105
11395,17
11400,25.98533293
11403,23
11408,17
11410,23
11412,17
11423,26.08203467
11430,17
11432,25.32674524
11433,24.85326008
11436,23
11437,17
11441,24.57426771
11443,17
11448,26.11012051
11451,25.41351392
11455,25.8661972
11457,27
11463,25.62524072
11464,24.78967608
11465,17
11477,17
11479,15.21786916
11485,16.84729899
11487,17
11490,26.73918667
11492,23.82851368
11493,27
11494,27
11498,25.81692446
11500,27
11502,17
11505,23
11506,17
11507,17
11509,17
11513,24.92481505
11514,27
11523,27
11527,26.66300851
11535,25.80578689
11537,17
11539,24.11945945
11540,26.5297304
11547,23
11548,23
11550,23
11552,24.96195029
11553,27
11555,23
11560,17
11561,17
11562,24.70419385
11573,16.41475986
11576,17
11580,23
11581,23.93405337
11589,23.30970903
11590,25.14821037
11600,16.76744543
11602,24.88578447
11611,27
11614,26.54115071
11625,23.75743655
11630,27
11634,16.86910166
11639,15.87837568
11640,27
11641,23.66676626
11642,27
11647,25.5694563
11648,23
11649,17
11654,17
11655,24.35128213
11657,15.34958318
11661,17
11665,14.57689273
11667,24.73847239
11671,27
11676,24.51828741
11677,24.12634736
11678,27
11685,23.37126722
11699,27
11702,26.25844571
11705,17
11709,27
11712,27
11715,32.46688446
11722,23
11731,23
11734,23.43317096
11736,17
11741,25.321362
11745,17
11750,27
11751,17
11755,24.70044142
11758,23.96483389
11759,23.3064576
11761,27
11764,17
11765,25.51911148
11767,27
11769,27
11770,17
11771,13.48307158
11777,27
11778,24.79418387
11780,26.15836207
11781,26.08985548
11783,23
11786,27
11787,23.9763879
11789,17
11792,17
11797,14.91912533
11798,17
11804,17
11817,27
11818,24.79696602
11819,17
11820,16.84166527
11834,25.52413936
11835,17
11837,25.51264721
11838,17
11839,17
11841,25.06459589
11844,17
11847,24.04955715
11850,17
11855,27
11860,14.79063641
11865,14.71206691
11866,24.47877905
11870,14.26884637
11871,23.61647771
11876,25.17431785
11880,23
11881,17
11884,17
11886,17
11888,25.48575493
11889,24.53802962
11892,26.79962703
11894,23.71965665
11895,31.84796936
11897,17
11900,31.96113575
11901,26.27585356
11904,27
11907,26.21738387
11910,25.24779972
11911,16.88662985
11919,23
11922,15.10601908
11923,17
11924,17
11927,24.25456952
11929,24.58843327
11931,23.77960411
11933,27
11935,27
11945,23.13706691
11957,17
11958,25.07551424
11959,23
11962,32.01623769
11966,24.88595699
11968,26.8991947
11970,23
11971,17
11972,23.24695673
11974,23.41375256
11975,26.67741971
11991,23
11995,27
11996,26.29312848
11997,26.82627841
12002,24.22409849
12006,25.12292194
12008,26.91436293
12011,33.30139099
12016,27
12020,17
12021,17
12022,25.16530161
12024,24.22498907
12027,27
12029,15.32423769
12034,23
12036,23
12039,25.19635284
12041,23.7961555
12043,17
12044,15.0766083
12051,16.29599285
12055,27
12058,17
12059,25.56284359
12060,24.83882108
12061,14.50779521
12066,17
12067,16.0874472
12076,17
12077,25.60246929
12079,25.86934927
12081,16.41142951
12082,26.7070373
12084,27
12087,17
12091,17
12095,25.51304944
12096,26.83019799
12097,17
12104,12.59938814
12107,17
12108,24.70289445
12111,23
12112,23
12115,16.95153466
12120,14.23700609
12122,25.6398423
12123,25.55846909
12126,17
12127,25.66785093
12129,17
12132,27
12140,25.23826679
12147,17
12148,26.43359925
12150,17
12152,17
12154,17
12162,26.46406117
12166,25.44044015
12168,31.61194191
12171,15.97054293
12172,17
12175,23.75700871
12176,23
12177,26.65995615
12179,16.04701023
12180,17
12181,27
12182,27
12187,26.7411661
12191,23
12195,27
12197,24.21853863
12198,17
12200,17
12201,23.49465752
12203,27
12205,26.67608494
12206,24.04434974
12215,24.65870282
12218,27
12223,24.82855402
12225,26.30798969
12226,27
12227,15.73505237
12230,25.93257746
12231,16.99015551
12235,24.4189767
12236,23
12237,25.25936116
12238,16.09317074
12239,23.87766031
12241,26.70584679
12242,26.59308763
12244,32.18135823
12245,14.7676581
12251,26.19897699
12254,23
12256,27
12258,23.83532741
12262,25.57464173
12264,17
12266,17
12267,24.74479848
12268,17
12270,27
12271,16.67741187
12276,17
12277,26.21475962
12286,25.3691038
12290,27
12291,17
12292,26.01659045
12298,25.85391226
12300,16.13056541
12303,23
12309,27
12312,23.29854947
12316,25.86914226
12323,17
12325,17
12326,27
12330,25.60490727
12333,17
12334,24.70632057
12342,24.54460006
12347,17
12354,25.60414215
12356,27
12357,26.80696669
12360,23
12364,27
12370,17
12372,23
12373,27
12378,27
12381,27
12383,26.51755673
12393,25.3387787
12397,12.65770127
12399,23.16135205
12401,26.29414855
12403,27
12404,24.72027435
12406,24.9173309
12408,17
12409,17
12411,23
12412,17
12414,26.2132458
12426,33.88829677
12430,17
12440,17
12441,17
12445,23.7986497
12448,23.79484847
12449,24.93391593
12455,25.02711059
12458,24.79509866
12464,27
12467,27
12468,34.04711648
12474,25.48029648
12481,17
12482,24.25160208
12483,27
12485,26.88464603
12487,23
12489,17
12492,26.72076032
12493,23
12494,25.91049
12495,26.56924253
12499,17
12500,26.47616589
12505,25.68285335
12509,25.1864383
12511,24.80894761
12514,33.15107986
12515,17
12517,12.75066719
12520,23
12522,27
12523,26.79741512
12525,23
12526,17
12529,17
12530,23
12532,23
12537,17
12540,23
12541,27
12543,16.6766021
12546,27
12547,17
12548,25.2523659
12558,27
12562,25.44657999
12565,26.30004086
12574,27
12576,32.61149211
12582,24.1702898
12583,17
12591,25.42378015
12608,23
12611,23
12612,24.19688203
12613,24.3952522
12617,27
12618,23
12619,25.50899756
12621,14.49938339
12622,27
12625,23
12631,15.76905467
12636,26.89743609
12643,16.73992886
12648,25.37799059
12653,27
12658,27
12659,23.60871969
12660,23.55025071
12663,17
12664,24.53375616
12671,23.18014937
12672,17
12674,27
12676,17
12677,17
12680,23
12685,17
12688,27
12690,17
12691,17
12695,17
12699,17
12705,25.34933952
12708,17
12709,23
12712,24.92658718
12716,27
12720,31.52481478
12721,17
12725,25.80682923
12726,27
12728,23
12729,27
12731,17
12732,26.38260487
12734,25.09871991
12735,24.26398107
12738,26.82046079
12743,25.97957541
12746,24.06650819
12749,17
12752,26.45682364
12755,27
12760,24.45574363
12766,27
12776,11.37492941
12784,25.32572414
12785,25.32939949
12786,26.68701933
12787,27
12788,17
12790,26.62853793
12794,24.75625854
12796,27
12799,26.05638235
12801,24.50582939
12805,25.77158219
12808,23
12809,17
12812,26.02580601
12816,17
12817,25.88213111
12818,25.6511423
12820,26.41235633
12828,23.86160974
12836,17
12838,17
12842,24.19187902
12843,23.30500643
12844,17
12853,14.81817328
12858,23
12859,23.71221028
12861,27
12862,25.08448866
12863,14.2558944
12864,23
12868,17
12870,24.39990007
12871,16.79334565
12873,27
12874,25.72553293
12876,23
12888,26.81350449
12896,23
12899,24.63749509
12900,26.88532247
12902,17
12906,23.66899367
12908,26.49103714
12911,24.45351719
12912,15.96062618
12915,23.15869591
12916,27
12921,17
12922,17
12926,27
12929,24.20199124
12930,26.13966916
12932,13.77491493
12934,16.14968352
12935,27
12943,27
12950,23
12951,25.49686356
12952,24.40993031
12954,27
12956,27
12959,17
12960,23.87170482
12961,15.42061077
12964,17
12967,27
12968,25.92258076
12971,27
12972,27
12973,24.02880185
12975,27
12976,17
12977,23.97762864
12978,23
12980,25.31633213
12982,23.80679211
12986,23
12991,17
12994,26.07070525
12995,15.01462813
12999,23.47591996
13001,17
13004,25.60030631
13006,23
13007,25.30223767
13010,17
13014,23
13015,24.36694919
13019,25.62395885
13029,17
13030,23.07770734
13032,23.59039495
13039,26.29168269
13040,23
13045,24.16758819
13047,17
13050,27
13055,26.26436627
13058,16.9730129
13063,23
13064,17
13067,26.09208767
13068,17
13072,24.55408539
13073,23
13074,24.24080649
13075,14.93844628
13079,23.45642051
13081,17
13082,23
13084,26.25132782
13087,25.15316109
13090,17
13104,16.23156464
13106,26.53966832
13107,13.82048804
13109,13.72131232
13113,27
13115,17
13116,17
13117,17
13119,17
13120,23
13135,26.90909222
13137,23
13138,25.31288264
13140,26.41536976
13141,24.54876398
13149,25.90944488
13151,27
13154,25.51955059
13159,25.54170573
13160,23.89879658
13163,13.98741139
13164,17
13165,26.96851619
13167,26.41336529
13169,16.1521807
13172,23.37366082
13177,27
13181,17
13187,27
13188,25.99692112
13193,25.33819054
13194,23
13196,25.75652608
13200,25.57259619
13207,27
13209,16.77354604
13211,23
13215,25.54841993
13217,27
13219,17
13223,26.53223052
13226,27
13231,24.64185295
13236,17
13239,27
13241,27
13244,24.63762727
13245,25.31180253
13250,27
13257,15.60105933
13258,15.68960199
13265,24.71655231
13267,17
13269,26.84591115
13271,27
13272,23.70326801
13277,14.06640286
13280,23
13281,23.38264318
13282,17
13284,23.5602333
13285,24.41987524
13288,25.24860445
13289,25.805744
13295,24.62316116
13300,26.56945887
13301,27
13303,27
13305,16.10092783
13309,25.99785818
13311,17
13312,25.62381976
13314,17
13315,26.63208835
13318,17
13323,26.5145638
13324,24.08624952
13329,27
13333,27
13336,25.06735639
13339,27
13340,17
13344,23
13345,25.93475962
13352,24.72776627
13356,15.1876691
13357,26.27971113
13360,24.67307607
13366,26.17516523
13367,16.17989492
13370,24.84874029
13373,27
13375,27
13376,17
13379,25.78980661
13384,26.82110525
13385,23
13396,25.36978675
13404,24.49881574
13405,23.79764764
13409,15.22672751
13411,13.97331307
13412,13.28641336
13413,27
13414,17
13416,17
13418,25.64683448
13419,26.46903609
13420,25.44745344
13422,23.138555
13426,23
13435,23.28011537
13436,26.3516372
13443,23
13447,25.21767526
13451,26.06700268
13455,24.90889318
13457,33.81332217
13460,24.35330735
13461,17
13462,17
13465,31.0372131
13467,25.38382283
13469,25.06062567
13473,17
13476,24.12457783
13478,23.9069521
13481,17
13490,17
13492,23
13497,27
13498,23
13499,23.63314944
13500,27
13501,24.42551295
13505,27
13509,27
13513,23.71882782
13514,23
13519,17
13520,24.02608761
13521,23.48883057
13523,16.11696229
13527,25.02597526
13531,16.01494137
13538,24.83564368
13542,27
13547,27
13552,25.46455722
13556,23.28906032
13557,17
13560,15.1975005
13561,25.89067955
13562,31.27194126
13568,27
13571,23
13573,23
13574,17
13582,17
13583,16.76148445
13585,17
13587,17
13594,26.87132397
13597,25.07683991
13601,23
13602,15.86709453
13604,27
13607,27
13608,17
13613,15.80357615
13616,23.49439457
13618,17
13624,27
13625,13.37622047
13628,24.5162561
13630,23.37440378
13632,17
13633,17
13637,24.9353102
13638,24.70249792
13642,24.18290688
13643,23.50942333
13649,27
13650,24.73123684
13651,23
13655,23.92966543
13656,27
13657,17
13658,24.53190029
13663,23.39328857
13667,23
13674,13.51001235
13678,25.2870763
13680,24.6860988
13681,26.054506
13691,17
13695,15.20408034
13698,23
13699,16.06855866
13703,23
13706,25.06346671
13708,16.32780147
13711,26.84452697
13713,27
13715,25.18024438
13717,17
13720,17
13723,16.04166749
13724,23.28321129
13725,17
13726,26.92929952
13728,26.19483996
13731,25.78295687
13733,25.27524937
13734,13.85720303
13735,23
13737,25.96116204
13738,17
13740,17
13742,27
13747,25.46255004
13748,25.39580065
13751,17
13755,27
13756,13.0524111
13758,26.48671335
13761,17
13763,17
13765,26.47713165
13767,25.99012487
13776,17
13779,17
13784,26.51306092
13785,27
13787,25.80138882
13790,27
13795,27
13796,17
13800,27
13801,17
13802,25.71743089
13803,25.16755441
13805,16.61676985
13806,27
13809,25.13763854
13814,17
13816,17
13817,25.98625122
13818,23.53731277
13819,23.33925446
13821,27
13823,27
13829,15.7042724
13832,15.31020076
13834,24.08194355
13835,25.26900037
13836,25.42402095
13840,15.39288296
13841,23
13843,24.23638068
13848,17
13851,17
13853,24.63951815
13858,17
13859,27
13861,27
13862,25.05026525
13864,16.92452918
13867,23.37160999
13869,23.52861239
13870,25.19061975
13874,25.98046223
13878,24.5704674
13880,25.86563796
13891,23
13893,16.29015385
13896,16.48179361
13898,26.39073007
13901,24.15525752
13904,24.33141558
13908,26.26279646
13910,24.32503975
13911,16.36894911
13912,17
13914,25.68681489
13917,23
13919,17
13920,24.98617343
13921,27
13923,16.63456292
13924,23.02450145
13927,27
13928,17
13929,27
13935,26.07114676
13939,27
13941,31.44150526
13943,25.28558955
13945,17
13946,17
13948,17
13951,16.7132435
13958,17
13960,17
13961,25.59057685
13963,17
13965,14.40020621
13968,23
13976,24.93791214
13977,27
13978,23.85911525
13979,26.92295925
13980,27
13984,16.63267951
13989,13.53051817
13992,17
13993,27
13997,27
13999,25.08425655
14004,17
14005,23.53735216
14011,27
14013,25.52631001
14018,27
14020,17
14024,15.89431539
14026,23.76702829
14028,25.7326125
14033,25.58656216
14035,25.71948582
14039,16.61578424
14043,23.13570729
14045,23
14048,12.84187388
14050,27
14063,24.27735904
14064,17
14071,27
14073,23
14077,26.85292404
14078,17
14080,23
14082,24.31046402
14094,16.97990343
14098,12.96030472
14107,23
14109,25.08538272
14110,27
14112,23
14114,17
14122,17
14126,27
14129,25.83905215
14133,24.91591344
14139,23.20508838
14142,24.53866061
14146,15.87101371
14147,25.41150731
14148,23
14149,27
14154,23
14158,23
14159,26.60574315
14160,17
14163,23.7682221
14169,26.4036728
14186,24.14640288
14187,16.85195552
14189,15.01083991
14193,25.50032207
14195,15.03581397
14196,24.81723979
14201,27
14203,13.53791485
14210,23.68976031
14212,32.63057515
14213,25.02023648
14215,26.38302771
14218,27
14219,13.09076371
14220,17
14223,15.28782596
14226,27
14227,23
14228,24.87956781
14230,24.75897249
14232,24.62934752
14235,27
14242,23
14243,15.25138779
14245,26.48357639
14253,17
14259,27
14261,26.52378839
14268,24.38066993
14270,23
14272,23
14276,23.90351752
14277,27
14280,16.29060872
14281,17
14284,26.25378573
14285,23
14288,17
14293,23
14296,27
14298,14.64506568
14304,17
14307,26.30176099
14308,23
14309,16.88621553
14310,27
14311,23.6915808
14313,23.95961821
14319,23
14325,26.65660486
14327,27
14332,17
14339,17
14341,17
14342,15.43542642
14351,23.83810202
14352,17
14353,26.48077542
14356,27
14359,17
14362,14.74174138
14363,26.07638625
14374,17
14375,26.97198569
14382,23
14383,31.52938724
14384,13.04215698
14385,25.29844987
14386,17
14388,16.29171641
14390,17
14392,15.30457591
14393,23.56923009
14395,23
14408,17
14413,24.71003879
14414,17
14417,23
14418,26.56732425
14420,27
14422,31.45627019
14424,16.49666849
14426,26.33449956
14427,26.00745662
14430,17
14431,26.42975649
14432,26.42089621
14433,25.99880447
14436,24.78252044
14441,27
14442,23
14444,15.35376076
14446,17
14451,27
14453,17
14456,17
14459,23
14461,23
14462,17
14463,23.66695416
14467,25.02900121
14469,26.35863311
14470,27
14477,23.74977692
14479,27
14485,24.76575476
14488,25.66573144
14496,17
14497,24.80000903
14499,17
14504,27
14505,25.37272171
14512,24.36479478
14518,25.72234554
14519,23
14525,25.62207358
14526,17
14527,17
14533,27
14534,24.17825365
14535,23
14539,31.81484016
14541,14.84520259
14542,17
14543,27
14548,27
14552,24.46438888
14557,27
14559,25.43842737
14560,24.50927956
14569,27
14574,26.60719083
14575,23.12971553
14578,32.17644701
14579,16.59468854
14580,24.99991846
14584,24.55710231
14591,24.22957446
14595,15.59404183
14598,23
14601,31.08150699
14604,27
14607,26.14003954
14611,23
14613,16.91968731
14615,17
14617,17
14628,23
14630,17
14632,27
14636,16.29227932
14638,16.6646172
14640,23
14643,27
14644,17
14649,27
14650,27
14656,25.60848692
14657,17
14659,17
14661,27
14664,17
14668,27
14673,27
14674,17
14675,17
14677,23.31449578
14680,27
14684,31.80254406
14685,17
14686,26.62539698
14689,25.19179011
14691,23.82778752
14692,23
14693,27
14698,17
14702,17
14703,26.9735763
14705,24.71725193
14708,24.92079377
14710,25.94501328
14711,27
14713,27
14717,24.31767022
14718,24.25377151
14722,23
14724,27
14728,17
14730,24.24493929
14735,23.11288344
14736,25.58929309
14738,16.7567358
14741,27
14742,23
14743,17
14745,23
14749,23
14750,26.17667773
14752,26.48738791
14754,15.34575629
14756,17
14757,17
14758,17
14759,31.17169814
14763,17
14765,26.71997276
14766,17
14767,27
14768,26.68733501
14769,26.1954129
14771,25.26225245
14776,17
14781,27
14782,27
14784,17
14787,17
14790,23.05772516
14799,25.87895013
14801,26.0798546
14807,24.71622679
14808,25.38880665
14809,25.71390223
14812,23
14813,17
14814,16.82253768
14815,23.83707056
14822,23.06657052
14824,16.23721498
14825,24.09195113
14826,23.61925639
14827,24.76233252
14830,25.73280513
14831,26.59104277
14834,17
14836,17
14837,23.10217385
14839,27
14840,17
14844,17
14846,27
14849,26.97139106
14850,14.84482694
14852,24.92008378
14853,23
14857,27
14859,27
14860,27
14866,26.58597778
14867,24.50030833
14873,23
14876,24.94704219
14877,17
14879,23.94450883
14880,17
14882,25.65096692
14887,23
14890,23.73350044
14892,25.03624323
14898,17
14899,27
14900,23.6278795
14902,17
14906,16.39939634
14908,26.82087226
14910,17
14919,17
14920,27
14921,27
14922,27
14926,24.63837158
14930,17
14933,17
14936,23.61065102
14941,17
14943,27
14947,26.06594456
14953,26.85542423
14955,23.81399998
14956,23.96165177
14957,24.98425888
14959,27
14963,27
14971,27
14973,26.44499338
14983,17
14984,17
14986,23
14992,25.19908421
14996,25.33987142
14999,17
15003,27
15004,16.12769931
15009,17
15011,23
15019,17
15021,23
15024,23
15032,17
15034,26.06059697
15038,23.13723131
15039,25.14695405
15046,17
15052,17
15053,15.80989003
15054,26.57376805
15059,17
15060,17
15062,17
15065,27
15066,23.05605384
15070,23
15074,23.48462281
15076,24.29445812
15077,17
15079,27
15081,17
15084,17
15085,24.07188797
15089,26.01854446
15090,17
15093,23.76718408
15097,31.46114923
15101,24.75694311
15104,17
15105,17
15107,27
15108,26.14946715
15109,17
15110,24.37674245
15112,24.05522332
15117,24.80741077
15121,27
15122,17
15124,23
15125,26.93132783
15126,27
15128,17
15130,17
15140,24.42606592
15144,15.70814618
15146,24.33119853
15147,17
15148,17
15150,26.85814728
15151,23
15156,23.15778812
15166,23
15167,24.50214766
15168,15.47632009
15172,26.56968611
15173,24.70434543
15174,25.33681744
15178,23.96617375
15183,26.84313213
15190,27
15191,27
15193,27
15194,24.10784002
15195,25.90923081
15197,17
15203,12.01632208
15206,26.99052186
15208,17
15209,16.34687724
15212,23
15216,16.60241519
15217,26.43513596
15222,23
15223,17
15224,26.83908062
15226,27
15227,25.21019726
15230,23.53257661
15238,23
15240,27
15241,24.44128906
15243,27
15246,23
15248,15.48357161
15249,17
15251,23
15254,23
15256,32.082377
15258,24.03144986
15260,17
15262,17
15264,13.41990169
15275,26.30506983
15280,17
15284,26.29706347
15286,25.80175915
15289,23.1313118
15302,25.1306859
15311,24.88596754
15316,17
15325,17
15329,27
15335,25.33813518
15344,17
15350,17
15351,26.94630878
15353,24.49909967
15354,17
15360,23.30002986
15362,26.53894991
15363,31.9746104
15368,23
15373,23
15375,17
15376,16.48225073
15378,24.9804004
15382,25.73857396
15383,27
15389,24.43162322
15390,27
15392,23
15395,17
15396,27
15403,15.18012204
15407,16.84562493
15409,24.82144378
15411,17
15413,14.87536978
15417,27
15418,27
15419,25.16871971
15427,16.79678337
15431,27
15433,27
15435,27
15441,12.74315628
15442,27
15444,15.07977283
15445,17
15446,15.90417566
15449,26.79048356
15452,27
15454,17
15458,17
15463,23
15465,12.7626774
15467,24.38042757
15468,17
15474,27
15479,17
15481,17
15484,23
15486,25.64949176
15490,25.23636031
15493,23.00505466
15501,23.57142925
15503,26.70656759
15507,25.3450172
15510,25.40910682
15513,27
15515,23
15516,17
15518,31.96748594
15525,25.56511611
15526,26.24337128
15527,23
15529,24.30643854
15532,26.21154863
15539,27
15540,17
15541,23.35402339
15543,27
15544,24.69333682
15545,24.23408169
15548,25.19320225
15551,27
15553,25.33151769
15556,27
15557,15.53141713
15560,25.57769982
15562,25.11927983
15564,24.52647908
15568,24.4212546
15570,27
15571,17
15575,17
15576,23.83176346
15578,23
15585,27
15586,17
15588,17
15590,17
15592,17
15597,27
15605,23.39330559
15607,16.05413067
15608,23
15609,14.4988968
15610,27
15615,31.25746774
15628,27
15629,23
15631,23
15632,23
15635,27
15636,24.46639507
15647,26.77483409
15648,23
15649,23.46990473
15658,15.98390755
15659,25.59095778
15661,26.03268586
15663,27
15665,25.69478364
15667,17
15668,23.04430267
15670,17
15672,24.29507274
15676,27
15679,25.48615557
15680,25.71748343
15686,27
15690,24.66654643
15693,24.7366694
15694,27
15697,24.62950945
15700,25.54112645
15704,27
15706,17
15708,27
15709,25.82070847
15717,17
15720,33.11756059
15725,23
15729,17
15730,27
15733,25.96617188
15734,26.145658
15738,16.9555914
15739,26.02338643
15743,17
15744,27
15750,23
15753,17
15754,32.6205323
15756,17
15759,27
15761,23.47918527
15762,16.51838922
15764,24.6468855
15765,16.15481999
15770,17
15771,15.2223461
15772,16.64045231
15776,17
15777,27
15778,27
15783,26.20113459
15785,27
15786,23
15791,25.44362717
15798,17
15799,23
15804,23.75303956
15807,31.26134357
15811,23
15812,17
15817,23
15821,27
15822,24.91526266
15825,17
15828,17
15830,16.40774306
15836,17
15841,16.26916787
15842,24.68994682
15849,16.25754469
15851,27
15853,25.2016138
15854,25.69589938
15855,15.6153696
15858,24.79792665
15860,26.95004928
15862,16.7747366
15864,27
15868,23.40397734
15869,17
15870,25.52103739
15871,17
15873,23
15874,23
15875,24.37302254
15886,25.11218378
15893,17
15895,17
15897,23
15900,26.43081531
15901,16.40071511
15903,17
15905,23
15906,23.36509451
15907,24.72384613
15908,16.38206677
15910,17
15912,16.87344695
15913,25.58666894
15915,27
15918,23.4602229
15921,17
15923,23.01232368
15929,27
15943,26.47105211
15951,25.39608167
15956,24.33601009
15963,17
15966,26.51159693
15969,24.69652275
15973,26.94377385
15975,17
15978,17
15979,17
15984,26.76229616
15985,27
15986,24.38875645
15989,16.61378332
15992,26.95727069
15996,17
15998,24.73699562
16000,17
16002,23
16005,17
16007,23
16010,23
16011,23.61710778
16012,17
16015,16.7914939
16016,17
16018,26.46863782
16023,23
16026,13.58160543
16030,25.57745726
16031,25.20455906
16032,17
16034,17
16035,17
16041,25.52879893
16043,24.80308007
16048,24.6799676
16050,24.58982489
16053,17
16054,23
16055,17
16056,26.61332071
16065,26.55358669
16066,25.55929864
16067,25.8838151
16071,25.82585666
16075,17
16083,24.42251476
16092,33.75313454
16095,17
16096,17
16098,16.1321794
16101,25.5288101
16102,23.43381484
16104,25.19288625
16110,17
16113,27
16114,23
16115,17
16116,23.46301952
16121,27
16127,26.81142515
16131,27
16135,14.9984766
16138,27
16139,27
16140,31.22733728
16141,27
16142,23
16145,27
16146,17
16150,23
16154,26.52378839
16157,17
16158,25.51380373
16160,14.25970969
16161,25.83813978
16165,17
16166,17
16167,24.98919481
16179,26.47233101
16180,27
16181,25.64187585
16185,24.93469354
16191,13.85232505
16193,32.66734138
16195,17
16199,23
16202,27
16203,17
16204,26.31108468
16205,27
16209,25.69687797
16211,31.29453983
16212,26.80958506
16218,24.40480046
16228,17
16229,17
16231,23.36647077
16234,17
16235,24.01951636
16239,17
16240,27
16244,17
16251,17
16252,27
16253,25.74833733
16255,23
16256,14.64943803
16258,24.16241472
16263,25.40793061
16265,25.43110637
16270,23
16272,23
16275,24.40582646
16276,23
16277,17
16279,25.25550954
16280,17
16282,27
16283,12.95250522
16286,23.3609719
16288,27
16289,23
16290,24.35387523
16292,15.55807494
16293,23.56332328
16294,23.75012668
16300,23
16301,23
16310,17
16312,15.5530694
16314,17
16315,25.43032347
16317,25.18838589
16318,27
16320,27
16322,26.88944455
16323,10.75375421
16325,24.63603469
16326,17
16327,23.9817838
16330,16.96690841
16331,27
16337,24.41827366
16345,17
16347,17
16348,17
16355,25.83335196
16356,25.76151581
16357,17
16361,17
16362,27
16364,16.02165306
16367,26.34225163
16368,23.68469708
16369,25.37316756
16371,17
16373,23
16374,25.30917021
16382,24.64593832
16386,17
16389,17
16401,23.65832233
16402,26.70573813
16403,26.89933651
16406,23.63747483
16409,17
16411,24.88128575
16412,27
16415,25.8146661
16418,25.91086734
16421,25.37076702
16423,24.95447002
16428,27
16432,27
16434,14.19706197
16439,24.61142454
16440,23.991951
16443,26.65094263
16446,25.44459283
16449,23
16451,26.97734213
16452,27
16454,17
16456,33.87356625
16460,25.57592599
16461,27
16464,26.05159291
16469,24.95316592
16475,17
16476,17
16478,17
16484,17
16487,27
16489,24.21133934
16494,25.42351333
16495,26.41189392
16502,24.83739456
16505,27
16506,17
16508,26.80439192
16510,27
16514,26.90392448
16515,23
16516,27
16517,25.05874384
16519,17
16520,23
16521,24.6542749
16532,24.45566393
16535,27
16537,16.09311931
16544,23
16548,24.60967535
16551,14.3007505
16553,17
16554,26.8328774
16556,27
16557,23.5850267
16562,23
16565,27
16566,17
16572,23.34354172
16573,24.36377881
16576,26.4332989
16578,24.44430652
16579,27
16581,17
16584,23
16586,14.42059761
16588,24.40932805
16592,26.27691433
16593,27
16596,24.72841203
16598,23.35952343
16601,25.07246547
16602,27
16607,14.92953058
16610,24.48129727
16611,23
16612,26.91123459
16613,16.54937691
16619,25.9521946
16626,24.64983465
16628,26.96946826
16629,25.93900552
16630,17
16632,23.30184347
16633,24.48557933
16634,24.04729236
16637,25.45607343
16641,25.75605069
16643,26.9082674
16644,24.48179145
16645,27
16646,26.47158031
16647,27
16650,25.09364659
16655,17
16658,24.303707
16661,27
16670,17
16671,31.37803501
16673,17
16677,25.18501599
16679,17
16683,27
16686,17
16691,27
16698,26.23601844
16704,27
16706,26.30327899
16708,17
16709,23
16710,17
16715,23.3506596
16719,26.52870339
16721,25.7029685
16722,27
16726,17
16731,16.22897655
16732,23
16737,27
16738,17
16743,27
16744,23
16747,17
16748,25.53698028
16749,26.50233877
16751,27
16753,26.81456476
16756,25.51013024
16757,27
16760,23
16761,24.89788046
16763,17
16765,27
16771,23.15210348
16772,17
16775,26.39622396
16776,25.36515456
16778,25.82333034
16784,17
16785,17
16786,23
16788,15.69276307
16791,12.68973329
16796,17
16797,25.48031727
16798,27
16802,17
16803,17
16808,17
16812,23.85673004
16813,27
16814,27
16821,27
16823,17
16827,12.83214725
16830,25.30445571
16831,27
16833,17
16834,17
16838,25.40455271
16839,17
16843,26.86564978
16846,17
16848,27
16849,17
16853,33.48430162
16856,16.70389252
16859,24.85690264
16863,27
16864,17
16865,17
16867,15.1807534
16876,24.9633559
16878,23.79276699
16883,26.85866583
16887,17
16889,27
16890,17
16892,26.15277961
16894,14.87722905
16895,26.22097108
16897,27
16898,17
16904,23
16906,23
16912,24.35542429
16921,17
16922,23.68894278
16927,25.74661386
16930,23.70749669
16931,23
16935,24.37323285
16940,16.60493963
16941,17
16942,23
16944,17
16945,23.95469363
16947,17
16948,24.86201667
16950,27
16952,24.41462971
16953,27
16956,26.24223629
16957,23
16958,25.86224266
16959,25.19012958
16960,23
16963,17
16964,24.61512876
16965,16.57192483
16968,31.4130688
16969,17
16971,24.98194561
16974,24.41031324
16976,27
16979,17
16984,24.64915878
16989,25.26332411
16991,27
16999,26.17413952
17003,27
17005,23.71560421
17007,26.64556063
17009,23
17010,25.26352158
17012,16.14827155
17015,27
17016,26.96488653
17019,24.91330256
17031,23
17035,14.26099551
17039,27
17042,27
17043,17
17050,24.35939081
17051,17
17052,17
17053,13.42860541
17054,23
17056,17
17059,26.71259473
17062,16.92456984
17063,17
17066,25.89571185
17072,17
17074,26.2761211
17078,25.08410389
17079,23.54694855
17082,27
17083,25.44549075
17088,17
17089,24.97121461
17090,17
17092,24.07566441
17094,17
17096,26.9059977
17100,25.91435399
17101,17
17107,23
17108,27
17110,26.13815811
17112,16.94563171
17116,17
17117,32.8164494
17121,16.72900477
17132,26.88465456
17136,23.69984786
17139,27
17140,25.11414086
17142,16.95291466
17146,14.58969534
17150,25.55077512
17151,23.4346616
17153,17
17154,26.55682758
17155,17
17157,24.65019712
17165,27
17166,23.67208179
17168,17
17169,24.36015191
17173,27
17175,27
17187,27
17191,31.62723639
17192,23
17193,17
17207,25.32306324
17210,13.13243438
17214,15.85790269
17218,25.07734628
17224,24.6377061
17227,17
17231,17
17232,23
17235,23
17238,27
17239,14.31581098
17241,27
17244,31.30606265
17247,27
17249,24.62363218
17254,27
17256,26.32909106
17257,17
17259,24.29358758
17260,23.99077617
17261,24.72314869
17264,25.41937571
17270,24.32591167
17271,27
17272,27
17275,27
17281,27
17282,17
17289,25.4656232
17294,23.35907736
17295,27
17296,25.95179506
17297,26.18975122
17298,24.86354334
17299,25.21045824
17319,27
17321,27
17325,24.55952159
17329,26.65245173
17335,24.7427783
17337,23.29333197
17338,17
17350,17
17351,25.4583299
17352,17
17355,27
17356,23.86382841
17357,26.41242552
17358,27
17359,25.63594432
17361,26.98884023
17365,27
17380,23.62050678
17384,27
17385,23
17388,26.23273949
17390,24.80436621
17392,23.97629132
17395,27
17400,23
17402,27
17403,23
17405,27
17406,16.67839447
17408,15.26371484
17413,17
17416,23.48283791
17417,13.82357527
17420,25.32050966
17421,23.62008043
17424,26.98908158
17428,23.45791643
17430,17
17431,27
17432,24.51091438
17433,26.78700946
17434,32.10070697
17436,16.0035311
17439,25.14152193
17448,25.42560439
17457,25.51270188
17467,15.65609934
17468,9.018549382
17470,23.80303286
17471,26.14716676
17477,23.50920859
17479,16.10800472
17485,24.91982532
17490,16.60216415
17491,17
17494,17
17503,17
17507,24.7785416
17513,17
17515,14.84321968
17518,23
17521,27
17526,27
17529,26.36530594
17530,17
17532,23.61073113
17535,16.66934544
17540,23.60585116
17541,16.76126983
17544,26.29568687
17546,23
17552,17
17553,23
17555,14.38996976
17557,25.58638007
17558,15.45047471
17559,26.1859074
17560,24.64687325
17561,17
17565,13.68740318
17566,16.40156302
17569,17
17570,27
17574,24.35962779
17576,27
17579,26.06719791
17581,17
17582,26.64884477
17585,27
17586,25.81111816
17587,26.3733345
17598,17
17599,25.50505998
17603,17
17607,27
17609,26.07040381
17611,16.9146907
17613,27
17617,17
17619,27
17621,23.82901833
17628,17
17630,31.68288861
17635,14.31691876
17644,23.37753772
17645,23.92483647
17647,25.8070658
17648,27
17652,25.70409084
17658,27
17660,27
17665,25.10215217
17667,15.41698165
17668,17
17672,24.98576303
17673,24.04389891
17674,24.83138681
17680,23.32784986
17682,27
17684,17
17686,23.9798933
17695,23
17696,27
17697,26.35901585
17699,26.75917553
17700,17
17704,13.24727782
17709,24.83979088
17712,14.95152939
17720,27
17721,27
17724,23.89062471
17725,24.04019883
17726,27
17729,25.45916624
17734,16.8084396
17736,23.76752845
17738,27
17739,16.8610656
17746,25.32913833
17751,25.43849852
17752,17
17758,26.49764744
17759,26.10090841
17764,23
17768,17
17774,17
17775,26.15815961
17777,25.05238004
17779,23
17780,27
17782,17
17787,17
17788,25.53644144
17790,16.22381335
17792,17
17793,17
17795,17
17797,23
17798,17
17800,16.43822626
17801,27
17804,17
17813,26.07549819
17820,14.81181017
17821,17
17822,24.99110033
17825,17
17827,24.75807859
17830,15.99346253
17836,23
17843,33.92041408
17846,25.17008913
17851,26.67558165
17852,27
17855,25.30353166
17856,24.38431581
17859,27
17861,17
17863,27
17865,23
17866,26.74437058
17867,23
17869,25.04955994
17870,27
17872,17
17874,27
17877,24.60499742
17878,17
17881,23
17882,25.86493782
17884,25.76283606
17887,27
17889,26.7692032
17891,23.18796117
17892,23
17894,13.45865973
17898,27
17899,15.75818806
17900,17
17902,14.96587992
17903,23.31557313
17912,26.25418776
17913,31.68402529
17915,23
17919,26.17497348
17924,23
17929,17
17932,23
17940,17
17943,24.64138867
17944,27
17945,26.58720564
17946,14.46703304
17949,27
17951,16.91403021
17956,17
17958,24.24904756
17967,24.17013186
17971,17
17972,25.40110996
17973,15.43055677
17976,27
17995,27
17996,27
17997,26.40184911
18013,24.06181904
18014,27
18016,25.61975015
18019,17
18020,23
18024,17
18025,17
18032,25.96574395
18035,17
18036,25.42422484
18039,27
18044,27
18046,23
18047,17
18048,24.77233552
18050,27
18053,17
18054,14.92858172
18056,26.25785906
18057,17
18059,24.61248301
18060,25.49594923
18066,24.26072813
18067,23
18068,23
18069,17
18071,23
18072,17
18076,15.16574661
18080,27
18085,27
18088,27
18089,17
18092,17
18100,17
18101,17
18106,16.76639714
18108,27
18110,17
18112,31.62748338
18116,17
18127,24.08694457
18130,27
18132,26.30463857
18134,27
18136,23
18140,23
18141,17
18143,24.55861271
18145,27
18146,25.47267785
18147,14.97574068
18150,17
18151,23
18152,17
18153,23
18154,23
18157,17
18159,24.85187114
18161,14.0640858
18163,23.38222016
18164,16.07670582
18166,24.01972387
18168,27
18169,27
18170,17
18173,17
18174,26.25456776
18178,24.85510323
18179,27
18181,31.65011725
18189,17
18190,27
18192,16.20548084
18195,17
18201,24.43718418
18203,25.60551664
18204,23.45717595
18208,27
18211,17
18212,17
18214,25.1687013
18218,31.42650051
18222,14.99931219
18223,24.03236323
18225,27
18226,25.89667734
18227,25.93577029
18229,23
18233,23.13925738
18239,23
18240,23
18241,24.37454188
18245,23
18246,23.17099424
18252,25.31370305
18257,25.98398289
18258,23
18267,27
18271,25.6212991
18273,17
18276,17
18279,23.95116019
18280,25.66042401
18285,14.39738366
18287,27
18288,13.51397372
18291,26.73851391
18294,17
18296,23.42918615
18300,11.88294019
18302,14.69067163
18303,26.25193102
18304,23
18306,12.63558376
18308,26.8542044
18315,23
18316,23
18317,15.33887038
18320,17
18321,24.9586458
18323,23
18325,17
18326,16.22215185
18329,11.27236062
18331,27
18337,15.31548192
18338,25.70560445
18339,25.39563455
18343,23.15064554
18346,23
18347,17
18348,26.06815812
18349,26.14080986
18354,27
18355,15.24550902
18361,17
18362,25.339612
18365,25.80920909
18373,16.3026935
18381,25.97687281
18386,24.77609529
18390,25.31885085
18393,26.11907282
18396,24.59184239
18404,24.66221046
18407,24.60713002
18408,14.49304153
18411,17
18412,25.43598677
18413,17
18416,27
18422,27
18423,27
18426,17
18427,23
18428,26.86566713
18430,23.33885469
18431,14.80905095
18433,16.12126971
18440,25.2081146
18441,17
18448,27
18453,16.26767023
18455,17
18457,23
18458,26.04587462
18459,16.74103981
18461,26.3393628
18462,12.19726036
18463,24.00210434
18466,23.13540245
18468,17
18470,25.42152948
18473,26.1606185
18475,27
18480,23
18482,17
18486,23.84466404
18488,23.1497565
18493,27
18495,26.22973504
18498,27
18499,13.1849828
18501,17
18504,25.06660236
18505,23
18510,17
18512,27
18515,26.32351349
18516,24.92301622
18521,26.11777058
18526,17
18527,26.55941873
18528,23.87532451
18535,24.45416001
18537,16.41487984
18538,27
18539,17
18546,17
18549,16.79587383
18550,27
18552,26.51499042
18554,23.10018116
18555,23
18559,25.5672237
18560,16.96183424
18563,26.19924321
18565,27
18569,11.83675502
18571,14.55423777
18572,15.57173706
18577,15.50291477
18578,17
18580,27
18581,23.36827256
18582,23
18585,24.72938856
18588,26.51465268
18591,27
18592,23.81077003
18596,25.86912882
18598,25.95121079
18600,24.2633624
18604,24.1745134
18606,24.04391403
18610,23
18613,17
18616,26.52786617
18620,17
18621,23
18623,25.64323652
18624,27
18625,14.86014172
18628,17
18630,26.51148694
18631,17
18637,17
18639,17
18641,25.07128859
18659,17
18661,23
18664,17
18666,27
18667,27
18668,17
18674,17
18676,25.10582101
18679,26.01902497
18681,27
18682,13.27170707
18684,24.06321945
18689,23
18690,23
18696,17
18699,26.64139427
18707,25.16081275
18709,23
18711,27
18713,17
18714,27
18717,26.65536363
18719,17
18720,24.44998486
18721,23.25383692
18722,17
18726,13.54295635
18729,23.95757886
18730,23.99596689
18733,27
18734,17
18737,25.97553273
18740,25.14361407
18742,23
18743,27
18744,27
18745,17
18746,25.52694944
18750,24.85994573
18752,23
18763,26.32083346
18765,17
18773,17
18774,23.0358231
18777,27
18779,27
18781,23
18782,23.31002698
18783,17
18785,26.17000934
18787,25.08143238
18792,17
18797,27
18804,27
18805,17
18806,17
18809,24.23286155
18814,27
18820,17
18824,16.03706636
18825,17
18826,24.08265039
18840,27
18841,17
18849,25.28979716
18851,24.21460594
18852,14.94757954
18856,24.03197695
18860,14.44696463
18861,27
18862,24.93677338
18864,25.61457098
18871,27
18874,17
18878,23.33116936
18879,15.3275252
18880,24.07838702
18881,17
18882,23
18883,23
18884,13.85174358
18885,23
18886,27
18887,23
18890,15.07314035
18892,24.42216523
18900,24.89794035
18902,16.22293072
18909,23.76717134
18910,27
18911,27
18912,23
18913,23
18915,31.12256853
18916,17
18924,26.19337508
18930,17
18933,26.05682114
18935,26.74142595
18939,25.45688875
18943,27
18962,17
18963,27
18967,16.09263313
18969,17
18970,26.48679406
18974,27
18975,23
18976,27
18977,25.12442678
18978,25.10301882
18983,14.50471924
18984,24.79480377
18985,17
18987,23
18994,26.01523381
18996,24.46985714
18999,25.68867005
19001,17
19007,17
19011,15.40790125
19014,25.54852415
19015,16.274909
19016,26.42609233
19018,24.85088534
19021,17
19024,17
19025,25.29796337
19027,27
19032,17
19036,15.44708909
19037,17
19038,27
19039,25.21662842
19043,23.96365726
19045,26.43474798
19046,27
19049,24.07326559
19050,23.71550651
19054,17
19055,23
19058,23
19062,23.89984615
19068,17
19070,27
19075,23
19076,23
19080,27
19081,24.48370242
19084,23
19085,17
19087,25.07034953
19091,16.18575208
19099,23
19102,15.49014484
19106,16.4661024
19109,17
19114,23.50803103
19117,27
19120,23.604122
19125,15.11190069
19131,27
19134,25.81861045
19135,27
19138,25.52803869
19143,16.88438542
19144,23.73246879
19148,26.47539019
19152,24.17087404
19153,17
19160,17
19164,27
19172,23
19174,25.28049637
19177,25.65456686
19179,26.40135303
19184,26.51442113
19186,17
19188,24.36821411
19190,17
19194,27
19195,24.04055635
19197,23
19200,25.93686031
19205,25.01557846
19206,25.31651735
19207,25.97183918
19209,23
19213,23
19214,23.48236186
19215,23.17508733
19216,27
19219,26.20692937
19220,17
19221,24.51729757
19227,27
19228,23
19234,17
19236,17
19241,24.64123486
19242,15.60232371
19244,23.31924749
19245,26.89232842
19246,27
19251,24.00913932
19254,23
19257,23
19259,24.09479618
19261,27
19265,23
19266,27
19267,23
19270,17
19272,23
19275,27
19276,27
19286,27
19288,25.72671003
19292,24.37679849
19296,17
19298,27
19300,27
19303,27
19304,17
19305,33.49508412
19306,25.5190374
19311,27
19312,15.67974633
19314,31.72154214
19316,27
19318,17
19320,17
